code	text
be	Добрай раніцы, як ты сябе адчуваеш сёння?
be	Я хацеў бы замовіць кубак кавы, калі ласка.
be	Цягнік да Мінска адпраўляецца праз дзесяць хвілін.
be	Ці не маглі б вы паказаць мне дарогу да вакзала?
be	Надвор'е сёння даволі халоднае і ветранае.
be	Учора ўвечары мы вячэралі ў рэстаране.
be	Калі ласка, гаварыце крыху павольней, я разумею не ўсё.
be	Бібліятэка ў выхадныя адкрытая толькі раніцай.
be	Мой брат працуе ў гэтым горадзе ўжо тры гады.
be	Няма нічога лепшага за свежы хлеб на сняданак.
be	Чаму ты не сказаў мне пра гэта раней?
be	Дзеці гуляюць на вуліцы ў садзе за домам.
be	Без тваёй дапамогі я б з гэтым не справіўся.
be	На наступным тыдні мы разам едзем у адпачынак.
be	Гэта вельмі цікавае пытанне, вялікі дзякуй.
be	Я ўпэўнены, што мы разам знойдзем рашэнне.
be	Што гэта такое і чаму дзякуй гучыць тут так добра?
be	Добрай раніцы, як ты сябе адчуваеш сёння
be	добрай раніцы, як ты сябе адчуваеш сёння
be	Добрай раніцы, як ты сябе
be	як ты сябе адчуваеш сёння
be	Я хацеў бы замовіць кубак кавы, калі ласка
be	я хацеў бы замовіць кубак кавы, калі ласка
be	Я хацеў бы замовіць кубак
be	замовіць кубак кавы, калі ласка
be	Цягнік да Мінска адпраўляецца праз дзесяць хвілін
be	цягнік да мінска адпраўляецца праз дзесяць хвілін
be	Цягнік да Мінска адпраўляецца праз
be	Мінска адпраўляецца праз дзесяць хвілін
be	Ці не маглі б вы паказаць мне дарогу да вакзала
be	ці не маглі б вы паказаць мне дарогу да вакзала
be	Ці не маглі б вы паказаць мне
be	б вы паказаць мне дарогу да вакзала
be	не маглі б вы паказаць мне дарогу
be	Надвор'е сёння даволі халоднае і ветранае
be	надвор'е сёння даволі халоднае і ветранае
be	Надвор'е сёння даволі халоднае
be	даволі халоднае і ветранае
be	Учора ўвечары мы вячэралі ў рэстаране
be	учора ўвечары мы вячэралі ў рэстаране
be	Учора ўвечары мы вячэралі
be	мы вячэралі ў рэстаране
be	Калі ласка, гаварыце крыху павольней, я разумею не ўсё
be	калі ласка, гаварыце крыху павольней, я разумею не ўсё
be	Калі ласка, гаварыце крыху павольней, я
be	крыху павольней, я разумею не ўсё
be	ласка, гаварыце крыху павольней, я разумею
be	Бібліятэка ў выхадныя адкрытая толькі раніцай
bg	Добро утро, как си днес?
bg	Бих искал да поръчам една чаша кафе, моля.
bg	Влакът за София тръгва след десет минути.
bg	Можете ли да ми покажете пътя до гарата?
bg	Времето днес е доста студено и ветровито.
bg	Снощи вечеряхме в един ресторант.
bg	Моля, говорете малко по-бавно, не разбирам всичко.
bg	Библиотеката е отворена само сутрин през уикенда.
bg	Брат ми работи в този град от три години.
bg	Няма нищо по-хубаво от пресен хляб за закуска.
bg	Защо не ми каза това по-рано?
bg	Децата играят навън в градината зад къщата.
bg	Без твоята помощ нямаше да се справя с това.
bg	Следващата седмица заминаваме заедно на почивка.
bg	Това е много интересен въпрос, благодаря много.
bg	Сигурен съм, че заедно ще намерим решение.
bg	Благодаря ти много, какво точно трябва да направя сега?
bg	Аз съм сигурен, че този въпрос има добро решение.
bg	Добро утро, как си днес
bg	добро утро, как си днес
bg	Бих искал да поръчам една чаша кафе, моля
bg	бих искал да поръчам една чаша кафе, моля
bg	Бих искал да поръчам една
bg	поръчам една чаша кафе, моля
bg	Влакът за София тръгва след десет минути
bg	влакът за софия тръгва след десет минути
bg	Влакът за София тръгва след
bg	София тръгва след десет минути
bg	Можете ли да ми покажете пътя до гарата
bg	можете ли да ми покажете пътя до гарата
bg	Можете ли да ми покажете
bg	ми покажете пътя до гарата
bg	Времето днес е доста студено и ветровито
bg	времето днес е доста студено и ветровито
bg	Времето днес е доста студено
bg	е доста студено и ветровито
bg	Снощи вечеряхме в един ресторант
bg	снощи вечеряхме в един ресторант
bg	Моля, говорете малко по-бавно, не разбирам всичко
bg	моля, говорете малко по-бавно, не разбирам всичко
bg	Моля, говорете малко по-бавно, не
bg	малко по-бавно, не разбирам всичко
bg	Библиотеката е отворена само сутрин през уикенда
bg	библиотеката е отворена само сутрин през уикенда
bg	Библиотеката е отворена само сутрин
bg	отворена само сутрин през уикенда
bg	Брат ми работи в този град от три години
bg	брат ми работи в този град от три години
br	Mintin vat, penaos 'emañ gantaz hiziv?
br	C'hoant am eus da c'houlenn ur skudell goffe, mar plij.
br	Al tren da Roazhon a ahora a-benn dek munut.
br	Ha gallout a rafec'h diskouez din an hent d'an ti-gar?
br	Yen a-walc'h hag avelus eo an amzer hiziv.
br	Debret hon eus koan en ur savlec'h debriñ dec'h da noz.
br	Komzit un tamm gorrekoc'h, mar plij, ne gomprenan ket pep tra.
br	Digor eo al levraoueg diouzh ar mintin hepken e-pad ar weekend.
br	Emañ ma breur o labourat er gêr-mañ abaoe teir bloaz.
br	N'eus netra gwelloc'h eget bara fresk da goan-vihan.
br	Perak n'eus ket lavaret kement-se din abretoc'h?
br	Emañ ar vugale o c'hoari er-maez er liorzh a-dreñv an ti.
br	Hep da skoazell n'am bije ket deuet a-benn eus se.
br	Er sizhun a zeu ez aimp war-vacsion asambles.
br	Ur goulenn dedennus-kenañ eo-se, trugarez vras.
br	Sur on e kavimp un diskoulm asambles.
br	Mintin vat, penaos 'emañ gantaz hiziv
br	mintin vat, penaos 'emañ gantaz hiziv
br	Mintin vat, penaos 'emañ
br	penaos 'emañ gantaz hiziv
br	C'hoant am eus da c'houlenn ur skudell goffe, mar plij
br	c'hoant am eus da c'houlenn ur skudell goffe, mar plij
br	C'hoant am eus da c'houlenn ur skudell
br	da c'houlenn ur skudell goffe, mar plij
br	am eus da c'houlenn ur skudell goffe,
br	Al tren da Roazhon a ahora a-benn dek munut
br	al tren da roazhon a ahora a-benn dek munut
br	Al tren da Roazhon a ahora
br	Roazhon a ahora a-benn dek munut
br	tren da Roazhon a ahora a-benn
br	Ha gallout a rafec'h diskouez din an hent d'an ti-gar
br	ha gallout a rafec'h diskouez din an hent d'an ti-gar
br	Ha gallout a rafec'h diskouez din an
br	rafec'h diskouez din an hent d'an ti-gar
br	gallout a rafec'h diskouez din an hent
br	Yen a-walc'h hag avelus eo an amzer hiziv
br	yen a-walc'h hag avelus eo an amzer hiziv
br	Yen a-walc'h hag avelus eo
br	avelus eo an amzer hiziv
br	Debret hon eus koan en ur savlec'h debriñ dec'h da noz
br	debret hon eus koan en ur savlec'h debriñ dec'h da noz
br	Debret hon eus koan en ur savlec'h
br	en ur savlec'h debriñ dec'h da noz
br	hon eus koan en ur savlec'h debriñ
br	Komzit un tamm gorrekoc'h, mar plij, ne gomprenan ket pep tra
br	komzit un tamm gorrekoc'h, mar plij, ne gomprenan ket pep tra
br	Komzit un tamm gorrekoc'h, mar plij, ne
br	mar plij, ne gomprenan ket pep tra
bs	Dobro jutro, kako si danas?
bs	Želio bih naručiti šolju kafe, molim.
bs	Voz za Sarajevo polazi za deset minuta.
bs	Možete li mi pokazati put do željezničke stanice?
bs	Vrijeme je danas prilično hladno i vjetrovito.
bs	Sinoć smo večerali u restoranu.
bs	Govorite molim malo sporije, ne razumijem sve.
bs	Biblioteka je vikendom otvorena samo ujutro.
bs	Moj brat radi u ovom gradu već tri godine.
bs	Nema ništa bolje od svježeg hljeba za doručak.
bs	Zašto mi to nisi rekao ranije?
bs	Djeca se igraju napolju u bašti iza kuće.
bs	Bez tvoje pomoći to ne bih uspio.
bs	Sljedeće sedmice idemo zajedno na godišnji odmor.
bs	To je veoma zanimljivo pitanje, hvala lijepo.
bs	Siguran sam da ćemo zajedno pronaći rješenje.
bs	Kupio sam svježi hljeb i kafu prije vožnje vozom kroz općinu.
bs	Ove sedmice idemo do rijeke, a u januaru ostajemo kod kuće.
bs	Ko je to rekao i šta to tačno znači za naše rješenje?
bs	Dobro jutro, kako si danas
bs	dobro jutro, kako si danas
bs	Želio bih naručiti šolju kafe, molim
bs	želio bih naručiti šolju kafe, molim
bs	Želio bih naručiti šolju
bs	naručiti šolju kafe, molim
bs	Voz za Sarajevo polazi za deset minuta
bs	voz za sarajevo polazi za deset minuta
bs	Voz za Sarajevo polazi za
bs	Sarajevo polazi za deset minuta
bs	Možete li mi pokazati put do željezničke stanice
bs	možete li mi pokazati put do željezničke stanice
bs	Možete li mi pokazati put
bs	pokazati put do željezničke stanice
bs	Vrijeme je danas prilično hladno i vjetrovito
bs	vrijeme je danas prilično hladno i vjetrovito
bs	Vrijeme je danas prilično hladno
bs	danas prilično hladno i vjetrovito
bs	Sinoć smo večerali u restoranu
bs	sinoć smo večerali u restoranu
bs	Govorite molim malo sporije, ne razumijem sve
bs	govorite molim malo sporije, ne razumijem sve
bs	Govorite molim malo sporije, ne
bs	malo sporije, ne razumijem sve
bs	Biblioteka je vikendom otvorena samo ujutro
bs	biblioteka je vikendom otvorena samo ujutro
bs	Biblioteka je vikendom otvorena
bs	vikendom otvorena samo ujutro
bs	Moj brat radi u ovom gradu već tri godine
ca	Bon dia, com estàs avui?
ca	Voldria demanar una tassa de cafè, si us plau.
ca	El tren cap a Barcelona surt d'aquí a deu minuts.
ca	Em podria indicar el camí fins a l'estació?
ca	Avui fa bastant fred i hi ha molt de vent.
ca	Ahir al vespre vam sopar en un restaurant.
ca	Parli una mica més a poc a poc, no ho entenc tot.
ca	La biblioteca només obre al matí el cap de setmana.
ca	El meu germà treballa en aquesta ciutat des de fa tres anys.
ca	No hi ha res millor que el pa fresc per esmorzar.
ca	Per què no m'ho vas dir abans?
ca	Els nens juguen fora al jardí darrere de la casa.
ca	Sense la teva ajuda no hauria aconseguit fer això.
ca	La setmana vinent marxem de vacances plegats.
ca	Aquesta és una pregunta molt interessant, moltes gràcies.
ca	Estic segur que trobarem una solució plegats.
ca	No entenc aquesta acció, però moltes gràcies pel tren de demà.
ca	Bon dia, com estàs avui
ca	bon dia, com estàs avui
ca	Voldria demanar una tassa de cafè, si us plau
ca	voldria demanar una tassa de cafè, si us plau
ca	Voldria demanar una tassa de cafè,
ca	tassa de cafè, si us plau
ca	demanar una tassa de cafè, si
ca	El tren cap a Barcelona surt d'aquí a deu minuts
ca	el tren cap a barcelona surt d'aquí a deu minuts
ca	El tren cap a Barcelona surt d'aquí
ca	a Barcelona surt d'aquí a deu minuts
ca	tren cap a Barcelona surt d'aquí a
ca	Em podria indicar el camí fins a l'estació
ca	em podria indicar el camí fins a l'estació
ca	Em podria indicar el camí
ca	el camí fins a l'estació
ca	Avui fa bastant fred i hi ha molt de vent
ca	avui fa bastant fred i hi ha molt de vent
ca	Avui fa bastant fred i hi ha
ca	fred i hi ha molt de vent
ca	fa bastant fred i hi ha molt
ca	Ahir al vespre vam sopar en un restaurant
ca	ahir al vespre vam sopar en un restaurant
ca	Ahir al vespre vam sopar
ca	vam sopar en un restaurant
ca	Parli una mica més a poc a poc, no ho entenc tot
ca	parli una mica més a poc a poc, no ho entenc tot
ca	Parli una mica més a poc a poc,
ca	a poc a poc, no ho entenc tot
ca	una mica més a poc a poc, no
ca	La biblioteca només obre al matí el cap de setmana
cs	Dobré ráno, jak se dnes máš?
cs	Chtěl bych si objednat šálek kávy, prosím.
cs	Vlak do Prahy odjíždí za deset minut.
cs	Mohl byste mi ukázat cestu na nádraží?
cs	Počasí je dnes docela chladné a větrné.
cs	Včera večer jsme večeřeli v restauraci.
cs	Mluvte prosím trochu pomaleji, nerozumím všemu.
cs	Knihovna je o víkendu otevřená jen dopoledne.
cs	Můj bratr pracuje v tomto městě už tři roky.
cs	Není nic lepšího než čerstvý chléb k snídani.
cs	Proč jsi mi to neřekl dřív?
cs	Děti si hrají venku na zahradě za domem.
cs	Bez tvé pomoci bych to nezvládl.
cs	Příští týden jedeme společně na dovolenou.
cs	To je velmi zajímavá otázka, děkuji mockrát.
cs	Jsem si jistý, že spolu najdeme řešení.
cs	Děkuji mockrát, ještě si dám čerstvý chléb a řeku si o kávu.
cs	Můžu přijít příště, protože řeka je teď příliš studená.
cs	Dobré ráno, jak se dnes máš
cs	dobré ráno, jak se dnes máš
cs	Dobré ráno, jak se
cs	jak se dnes máš
cs	Chtěl bych si objednat šálek kávy, prosím
cs	chtěl bych si objednat šálek kávy, prosím
cs	Chtěl bych si objednat šálek
cs	si objednat šálek kávy, prosím
cs	Vlak do Prahy odjíždí za deset minut
cs	vlak do prahy odjíždí za deset minut
cs	Vlak do Prahy odjíždí za
cs	Prahy odjíždí za deset minut
cs	Mohl byste mi ukázat cestu na nádraží
cs	mohl byste mi ukázat cestu na nádraží
cs	Mohl byste mi ukázat cestu
cs	mi ukázat cestu na nádraží
cs	Počasí je dnes docela chladné a větrné
cs	počasí je dnes docela chladné a větrné
cs	Počasí je dnes docela chladné
cs	dnes docela chladné a větrné
cs	Včera večer jsme večeřeli v restauraci
cs	včera večer jsme večeřeli v restauraci
cs	Včera večer jsme večeřeli
cs	jsme večeřeli v restauraci
cs	Mluvte prosím trochu pomaleji, nerozumím všemu
cs	mluvte prosím trochu pomaleji, nerozumím všemu
cs	Mluvte prosím trochu pomaleji,
cs	trochu pomaleji, nerozumím všemu
cs	Knihovna je o víkendu otevřená jen dopoledne
cs	knihovna je o víkendu otevřená jen dopoledne
cy	Bore da, sut wyt ti heddiw?
cy	Hoffwn i archebu cwpan o goffi, os gwelwch yn dda.
cy	Mae'r trên i Gaerdydd yn gadael ymhen deg munud.
cy	Allwch chi ddangos y ffordd i'r orsaf i mi?
cy	Mae'r tywydd yn eithaf oer a gwyntog heddiw.
cy	Cawsom swper mewn bwyty neithiwr.
cy	Siaradwch ychydig yn arafach, os gwelwch yn dda, dydw i ddim yn deall popeth.
cy	Dim ond yn y bore y mae'r llyfrgell ar agor ar benwythnosau.
cy	Mae fy mrawd wedi bod yn gweithio yn y ddinas hon ers tair blynedd.
cy	Does dim byd gwell na bara ffres i frecwast.
cy	Pam na wnest ti ddweud wrthyf am hyn yn gynharach?
cy	Mae'r plant yn chwarae tu allan yn yr ardd tu ôl i'r tŷ.
cy	Heb dy help di fyddwn i ddim wedi llwyddo i wneud hyn.
cy	Yr wythnos nesaf rydyn ni'n mynd ar wyliau gyda'n gilydd.
cy	Mae hon yn gwestiwn diddorol iawn, diolch yn fawr.
cy	Rydw i'n siŵr y byddwn ni'n dod o hyd i ateb gyda'n gilydd.
cy	Bore da, sut wyt ti heddiw
cy	bore da, sut wyt ti heddiw
cy	Bore da, sut wyt
cy	sut wyt ti heddiw
cy	Hoffwn i archebu cwpan o goffi, os gwelwch yn dda
cy	hoffwn i archebu cwpan o goffi, os gwelwch yn dda
cy	Hoffwn i archebu cwpan o goffi, os
cy	cwpan o goffi, os gwelwch yn dda
cy	i archebu cwpan o goffi, os gwelwch
cy	Mae'r trên i Gaerdydd yn gadael ymhen deg munud
cy	mae'r trên i gaerdydd yn gadael ymhen deg munud
cy	Mae'r trên i Gaerdydd yn gadael
cy	Gaerdydd yn gadael ymhen deg munud
cy	trên i Gaerdydd yn gadael ymhen
cy	Allwch chi ddangos y ffordd i'r orsaf i mi
cy	allwch chi ddangos y ffordd i'r orsaf i mi
cy	Allwch chi ddangos y ffordd i'r
cy	y ffordd i'r orsaf i mi
cy	chi ddangos y ffordd i'r orsaf
cy	Mae'r tywydd yn eithaf oer a gwyntog heddiw
cy	mae'r tywydd yn eithaf oer a gwyntog heddiw
cy	Mae'r tywydd yn eithaf oer
cy	eithaf oer a gwyntog heddiw
cy	Cawsom swper mewn bwyty neithiwr
cy	cawsom swper mewn bwyty neithiwr
cy	Siaradwch ychydig yn arafach, os gwelwch yn dda, dydw i ddim yn deall popeth
cy	siaradwch ychydig yn arafach, os gwelwch yn dda, dydw i ddim yn deall popeth
cy	Siaradwch ychydig yn arafach, os gwelwch yn dda, dydw
cy	gwelwch yn dda, dydw i ddim yn deall popeth
cy	ychydig yn arafach, os gwelwch yn dda, dydw i
cy	Dim ond yn y bore y mae'r llyfrgell ar agor ar benwythnosau
cy	dim ond yn y bore y mae'r llyfrgell ar agor ar benwythnosau
da	Godmorgen, hvordan har du det i dag?
da	Jeg vil gerne bestille en kop kaffe, tak.
da	Toget til København kører om ti minutter.
da	Kan du vise mig vejen til stationen?
da	Vejret er ret koldt og blæsende i dag.
da	Vi spiste aftensmad på en restaurant i går aftes.
da	Kan du tale lidt langsommere, jeg forstår ikke det hele.
da	Biblioteket har kun åbent om formiddagen i weekenden.
da	Min bror har arbejdet i den her by i tre år.
da	Der er ikke noget bedre end frisk brød til morgenmad.
da	Hvorfor fortalte du mig det ikke tidligere?
da	Børnene leger ude i haven bag huset.
da	Uden din hjælp havde jeg ikke klaret det her.
da	Næste uge tager vi på ferie sammen.
da	Det er et meget interessant spørgsmål, mange tak.
da	Jeg er sikker på, at vi nok skal finde en løsning.
da	Jeg kan ikke lide mælk, og hvad kører toget ikke efter?
da	Det er også svært, fordi jeg ikke forstår det hele.
da	Godmorgen, hvordan har du det i dag
da	godmorgen, hvordan har du det i dag
da	Godmorgen, hvordan har du det
da	har du det i dag
da	Jeg vil gerne bestille en kop kaffe, tak
da	jeg vil gerne bestille en kop kaffe, tak
da	Jeg vil gerne bestille en
da	bestille en kop kaffe, tak
da	Toget til København kører om ti minutter
da	toget til københavn kører om ti minutter
da	Toget til København kører om
da	København kører om ti minutter
da	Kan du vise mig vejen til stationen
da	kan du vise mig vejen til stationen
da	Kan du vise mig vejen
da	vise mig vejen til stationen
da	Vejret er ret koldt og blæsende i dag
da	vejret er ret koldt og blæsende i dag
da	Vejret er ret koldt og
da	koldt og blæsende i dag
da	Vi spiste aftensmad på en restaurant i går aftes
da	vi spiste aftensmad på en restaurant i går aftes
da	Vi spiste aftensmad på en restaurant
da	på en restaurant i går aftes
da	spiste aftensmad på en restaurant i
da	Kan du tale lidt langsommere, jeg forstår ikke det hele
da	kan du tale lidt langsommere, jeg forstår ikke det hele
da	Kan du tale lidt langsommere, jeg forstår
da	lidt langsommere, jeg forstår ikke det hele
da	du tale lidt langsommere, jeg forstår ikke
de	Guten Morgen, wie geht es dir heute?
de	Ich möchte bitte eine Tasse Kaffee bestellen.
de	Der Zug nach Berlin fährt in zehn Minuten ab.
de	Könnten Sie mir den Weg zum Bahnhof zeigen?
de	Das Wetter ist heute ziemlich kalt und windig.
de	Wir haben gestern Abend im Restaurant gegessen.
de	Bitte sprechen Sie etwas langsamer, ich verstehe nicht alles.
de	Die Bibliothek ist am Wochenende nur vormittags geöffnet.
de	Mein Bruder arbeitet seit drei Jahren in dieser Stadt.
de	Es gibt nichts Besseres als frisches Brot zum Frühstück.
de	Warum hast du mir nicht früher Bescheid gesagt?
de	Die Kinder spielen draußen im Garten hinter dem Haus.
de	Ohne deine Hilfe hätte ich das nicht geschafft.
de	Nächste Woche fahren wir gemeinsam in den Urlaub.
de	Das ist eine sehr interessante Frage, danke schön.
de	Ich bin sicher, dass wir eine Lösung finden werden.
de	Guten Morgen, wie geht es dir heute
de	guten morgen, wie geht es dir heute
de	Guten Morgen, wie geht es
de	wie geht es dir heute
de	Ich möchte bitte eine Tasse Kaffee bestellen
de	ich möchte bitte eine tasse kaffee bestellen
de	Ich möchte bitte eine Tasse
de	bitte eine Tasse Kaffee bestellen
de	Der Zug nach Berlin fährt in zehn Minuten ab
de	der zug nach berlin fährt in zehn minuten ab
de	Der Zug nach Berlin fährt in
de	Berlin fährt in zehn Minuten ab
de	Zug nach Berlin fährt in zehn
de	Könnten Sie mir den Weg zum Bahnhof zeigen
de	könnten sie mir den weg zum bahnhof zeigen
de	Könnten Sie mir den Weg
de	den Weg zum Bahnhof zeigen
de	Das Wetter ist heute ziemlich kalt und windig
de	das wetter ist heute ziemlich kalt und windig
de	Das Wetter ist heute ziemlich
de	heute ziemlich kalt und windig
de	Wir haben gestern Abend im Restaurant gegessen
de	wir haben gestern abend im restaurant gegessen
de	Wir haben gestern Abend im
de	gestern Abend im Restaurant gegessen
de	Bitte sprechen Sie etwas langsamer, ich verstehe nicht alles
de	bitte sprechen sie etwas langsamer, ich verstehe nicht alles
de	Bitte sprechen Sie etwas langsamer, ich
de	etwas langsamer, ich verstehe nicht alles
de	sprechen Sie etwas langsamer, ich verstehe
de	Die Bibliothek ist am Wochenende nur vormittags geöffnet
de	die bibliothek ist am wochenende nur vormittags geöffnet
el	Καλημέρα, πώς είσαι σήμερα;
el	Θα ήθελα να παραγγείλω ένα φλιτζάνι καφέ, παρακαλώ.
el	Το τρένο για την Αθήνα φεύγει σε δέκα λεπτά.
el	Θα μπορούσατε να μου δείξετε τον δρόμο προς τον σταθμό;
el	Ο καιρός σήμερα είναι αρκετά κρύος και φυσάει.
el	Χθες το βράδυ δειπνήσαμε σε ένα εστιατόριο.
el	Μιλήστε λίγο πιο αργά, παρακαλώ, δεν καταλαβαίνω τα πάντα.
el	Η βιβλιοθήκη τα σαββατοκύριακα είναι ανοιχτή μόνο το πρωί.
el	Ο αδελφός μου εργάζεται σε αυτή την πόλη εδώ και τρία χρόνια.
el	Δεν υπάρχει τίποτα καλύτερο από φρέσκο ψωμί στο πρωινό.
el	Γιατί δεν μου το είπες αυτό νωρίτερα;
el	Τα παιδιά παίζουν έξω στον κήπο πίσω από το σπίτι.
el	Χωρίς τη βοήθειά σου δεν θα τα είχα καταφέρει.
el	Την επόμενη εβδομάδα φεύγουμε μαζί διακοπές.
el	Αυτή είναι μια πολύ ενδιαφέρουσα ερώτηση, ευχαριστώ πολύ.
el	Είμαι σίγουρος ότι μαζί θα βρούμε μια λύση.
el	Καλημέρα, πώς είσαι σήμερα
el	καλημέρα, πώς είσαι σήμερα
el	Θα ήθελα να παραγγείλω ένα φλιτζάνι καφέ, παρακαλώ
el	θα ήθελα να παραγγείλω ένα φλιτζάνι καφέ, παρακαλώ
el	Θα ήθελα να παραγγείλω ένα
el	παραγγείλω ένα φλιτζάνι καφέ, παρακαλώ
el	Το τρένο για την Αθήνα φεύγει σε δέκα λεπτά
el	το τρένο για την αθήνα φεύγει σε δέκα λεπτά
el	Το τρένο για την Αθήνα φεύγει
el	την Αθήνα φεύγει σε δέκα λεπτά
el	τρένο για την Αθήνα φεύγει σε
el	Θα μπορούσατε να μου δείξετε τον δρόμο προς τον σταθμό
el	θα μπορούσατε να μου δείξετε τον δρόμο προς τον σταθμό
el	Θα μπορούσατε να μου δείξετε τον δρόμο
el	μου δείξετε τον δρόμο προς τον σταθμό
el	μπορούσατε να μου δείξετε τον δρόμο προς
el	Ο καιρός σήμερα είναι αρκετά κρύος και φυσάει
el	ο καιρός σήμερα είναι αρκετά κρύος και φυσάει
el	Ο καιρός σήμερα είναι αρκετά
el	είναι αρκετά κρύος και φυσάει
el	Χθες το βράδυ δειπνήσαμε σε ένα εστιατόριο
el	χθες το βράδυ δειπνήσαμε σε ένα εστιατόριο
el	Χθες το βράδυ δειπνήσαμε σε
el	βράδυ δειπνήσαμε σε ένα εστιατόριο
el	Μιλήστε λίγο πιο αργά, παρακαλώ, δεν καταλαβαίνω τα πάντα
el	μιλήστε λίγο πιο αργά, παρακαλώ, δεν καταλαβαίνω τα πάντα
el	Μιλήστε λίγο πιο αργά, παρακαλώ, δεν
el	αργά, παρακαλώ, δεν καταλαβαίνω τα πάντα
el	λίγο πιο αργά, παρακαλώ, δεν καταλαβαίνω
el	Η βιβλιοθήκη τα σαββατοκύριακα είναι ανοιχτή μόνο το πρωί
el	η βιβλιοθήκη τα σαββατοκύριακα είναι ανοιχτή μόνο το πρωί
el	Η βιβλιοθήκη τα σαββατοκύριακα είναι ανοιχτή
en	Good morning, how are you feeling today?
en	I would like to order a cup of coffee, please.
en	The train to London leaves in ten minutes.
en	Could you show me the way to the station?
en	The weather is rather cold and windy today.
en	We had dinner at a restaurant yesterday evening.
en	Please speak a little more slowly, I do not understand everything.
en	The library is only open in the morning on weekends.
en	My brother has been working in this city for three years.
en	There is nothing better than fresh bread for breakfast.
en	Why did you not tell me about this earlier?
en	The children are playing outside in the garden behind the house.
en	Without your help I would not have managed this.
en	Next week we are going on holiday together.
en	That is a very interesting question, thank you.
en	I am sure that we will find a solution together.
en	Good morning, how are you feeling today
en	good morning, how are you feeling today
en	Good morning, how are you
en	how are you feeling today
en	I would like to order a cup of coffee, please
en	i would like to order a cup of coffee, please
en	I would like to order a cup
en	to order a cup of coffee, please
en	would like to order a cup of
en	The train to London leaves in ten minutes
en	the train to london leaves in ten minutes
en	The train to London leaves
en	London leaves in ten minutes
en	Could you show me the way to the station
en	could you show me the way to the station
en	Could you show me the way
en	me the way to the station
en	you show me the way to
en	The weather is rather cold and windy today
en	the weather is rather cold and windy today
en	The weather is rather cold
en	rather cold and windy today
en	We had dinner at a restaurant yesterday evening
en	we had dinner at a restaurant yesterday evening
en	We had dinner at a
en	at a restaurant yesterday evening
en	Please speak a little more slowly, I do not understand everything
en	please speak a little more slowly, i do not understand everything
en	Please speak a little more slowly, I
en	more slowly, I do not understand everything
en	speak a little more slowly, I do
en	The library is only open in the morning on weekends
es	Buenos días, ¿cómo estás hoy?
es	Quisiera pedir una taza de café, por favor.
es	El tren a Madrid sale dentro de diez minutos.
es	¿Podría indicarme el camino hasta la estación?
es	Hoy hace bastante frío y hay mucho viento.
es	Ayer por la noche cenamos en un restaurante.
es	Hable un poco más despacio, no entiendo todo.
es	La biblioteca solo abre por la mañana los fines de semana.
es	Mi hermano lleva tres años trabajando en esta ciudad.
es	No hay nada mejor que el pan fresco para el desayuno.
es	¿Por qué no me lo dijiste antes?
es	Los niños juegan fuera en el jardín detrás de la casa.
es	Sin tu ayuda no habría conseguido hacer esto.
es	La semana que viene nos vamos de vacaciones juntos.
es	Esa es una pregunta muy interesante, muchas gracias.
es	Estoy seguro de que encontraremos una solución juntos.
es	No entiendo esta acción, pero muchas gracias por el tren de mañana.
es	Buenos días, ¿cómo estás hoy
es	buenos días, ¿cómo estás hoy
es	Quisiera pedir una taza de café, por favor
es	quisiera pedir una taza de café, por favor
es	Quisiera pedir una taza de
es	taza de café, por favor
es	El tren a Madrid sale dentro de diez minutos
es	el tren a madrid sale dentro de diez minutos
es	El tren a Madrid sale dentro
es	Madrid sale dentro de diez minutos
es	tren a Madrid sale dentro de
es	¿Podría indicarme el camino hasta la estación
es	¿podría indicarme el camino hasta la estación
es	¿Podría indicarme el camino hasta
es	el camino hasta la estación
es	Hoy hace bastante frío y hay mucho viento
es	hoy hace bastante frío y hay mucho viento
es	Hoy hace bastante frío y
es	frío y hay mucho viento
es	Ayer por la noche cenamos en un restaurante
es	ayer por la noche cenamos en un restaurante
es	Ayer por la noche cenamos
es	noche cenamos en un restaurante
es	Hable un poco más despacio, no entiendo todo
es	hable un poco más despacio, no entiendo todo
es	Hable un poco más despacio,
es	más despacio, no entiendo todo
es	La biblioteca solo abre por la mañana los fines de semana
es	la biblioteca solo abre por la mañana los fines de semana
es	La biblioteca solo abre por la mañana
es	por la mañana los fines de semana
et	Tere hommikust, kuidas sul täna läheb?
et	Ma sooviksin tellida tassi kohvi, palun.
et	Rong Tallinnasse väljub kümne minuti pärast.
et	Kas te võiksite mulle jaama teed näidata?
et	Ilm on täna üsna külm ja tuuline.
et	Eile õhtul sõime restoranis õhtusööki.
et	Palun rääkige natuke aeglasemalt, ma ei saa kõigest aru.
et	Raamatukogu on nädalavahetusel avatud ainult hommikul.
et	Mu vend on selles linnas töötanud juba kolm aastat.
et	Pole midagi paremat kui värske leib hommikusöögiks.
et	Miks sa mulle sellest varem ei rääkinud?
et	Lapsed mängivad õues aias maja taga.
et	Ilma sinu abita ma poleks sellega toime tulnud.
et	Järgmisel nädalal läheme koos puhkusele.
et	See on väga huvitav küsimus, suur tänu.
et	Olen kindel, et leiame koos lahenduse.
et	Tere hommikust, kuidas sul täna läheb
et	tere hommikust, kuidas sul täna läheb
et	Tere hommikust, kuidas sul
et	kuidas sul täna läheb
et	Ma sooviksin tellida tassi kohvi, palun
et	ma sooviksin tellida tassi kohvi, palun
et	Ma sooviksin tellida tassi
et	tellida tassi kohvi, palun
et	Rong Tallinnasse väljub kümne minuti pärast
et	rong tallinnasse väljub kümne minuti pärast
et	Rong Tallinnasse väljub kümne
et	väljub kümne minuti pärast
et	Kas te võiksite mulle jaama teed näidata
et	kas te võiksite mulle jaama teed näidata
et	Kas te võiksite mulle jaama
et	võiksite mulle jaama teed näidata
et	Ilm on täna üsna külm ja tuuline
et	ilm on täna üsna külm ja tuuline
et	Ilm on täna üsna külm
et	täna üsna külm ja tuuline
et	Eile õhtul sõime restoranis õhtusööki
et	eile õhtul sõime restoranis õhtusööki
et	Palun rääkige natuke aeglasemalt, ma ei saa kõigest aru
et	palun rääkige natuke aeglasemalt, ma ei saa kõigest aru
et	Palun rääkige natuke aeglasemalt, ma ei
et	aeglasemalt, ma ei saa kõigest aru
et	rääkige natuke aeglasemalt, ma ei saa
et	Raamatukogu on nädalavahetusel avatud ainult hommikul
et	raamatukogu on nädalavahetusel avatud ainult hommikul
et	Raamatukogu on nädalavahetusel avatud
et	nädalavahetusel avatud ainult hommikul
et	Mu vend on selles linnas töötanud juba kolm aastat
eu	Egun on, zer moduz zaude gaur?
eu	Kafe kopa bat eskatu nahi nuke, mesedez.
eu	Madrilera doan trena hamar minutu barru irtengo da.
eu	Estaziorako bidea erakutsiko al didazu?
eu	Eguraldia nahiko hotza eta haizetsua dago gaur.
eu	Atzo gauean jatetxe batean afaldu genuen.
eu	Mesedez, hitz egin pixka bat geldoago, ez dut dena ulertzen.
eu	Liburutegia asteburuetan goizez soilik dago irekita.
eu	Nire anaia hiru urtez ari da lanean hiri honetan.
eu	Ez dago ezer hoberik gosaltzeko ogi freskoa baino.
eu	Zergatik ez zenidan hau lehenago esan?
eu	Umeak etxearen atzeko lorategian ari dira jolasean.
eu	Zure laguntzarik gabe ez nuke hau lortuko.
eu	Datorren astean oporretara joango gara elkarrekin.
eu	Galdera oso interesgarria da hori, eskerrik asko.
eu	Ziur nago elkarrekin irtenbide bat aurkituko dugula.
eu	Egun on, zer moduz zaude gaur
eu	egun on, zer moduz zaude gaur
eu	Egun on, zer moduz
eu	zer moduz zaude gaur
eu	Kafe kopa bat eskatu nahi nuke, mesedez
eu	kafe kopa bat eskatu nahi nuke, mesedez
eu	Kafe kopa bat eskatu nahi
eu	bat eskatu nahi nuke, mesedez
eu	Madrilera doan trena hamar minutu barru irtengo da
eu	madrilera doan trena hamar minutu barru irtengo da
eu	Madrilera doan trena hamar minutu
eu	hamar minutu barru irtengo da
eu	Estaziorako bidea erakutsiko al didazu
eu	estaziorako bidea erakutsiko al didazu
eu	Eguraldia nahiko hotza eta haizetsua dago gaur
eu	eguraldia nahiko hotza eta haizetsua dago gaur
eu	Eguraldia nahiko hotza eta haizetsua
eu	hotza eta haizetsua dago gaur
eu	Atzo gauean jatetxe batean afaldu genuen
eu	atzo gauean jatetxe batean afaldu genuen
eu	Atzo gauean jatetxe batean
eu	jatetxe batean afaldu genuen
eu	Mesedez, hitz egin pixka bat geldoago, ez dut dena ulertzen
eu	mesedez, hitz egin pixka bat geldoago, ez dut dena ulertzen
eu	Mesedez, hitz egin pixka bat geldoago, ez
eu	pixka bat geldoago, ez dut dena ulertzen
eu	hitz egin pixka bat geldoago, ez dut
eu	Liburutegia asteburuetan goizez soilik dago irekita
eu	liburutegia asteburuetan goizez soilik dago irekita
eu	Liburutegia asteburuetan goizez soilik
eu	goizez soilik dago irekita
eu	Nire anaia hiru urtez ari da lanean hiri honetan
fi	Hyvää huomenta, mitä kuuluu tänään?
fi	Haluaisin tilata kupillisen kahvia, kiitos.
fi	Juna Helsinkiin lähtee kymmenen minuutin kuluttua.
fi	Voisitteko näyttää minulle tien asemalle?
fi	Sää on tänään melko kylmä ja tuulinen.
fi	Söimme eilen illalla päivällistä ravintolassa.
fi	Puhukaa vähän hitaammin, en ymmärrä kaikkea.
fi	Kirjasto on viikonloppuna auki vain aamupäivisin.
fi	Veljeni on työskennellyt tässä kaupungissa kolme vuotta.
fi	Mikään ei ole parempaa kuin tuore leipä aamiaisella.
fi	Miksi et kertonut minulle tästä aikaisemmin?
fi	Lapset leikkivät ulkona puutarhassa talon takana.
fi	Ilman sinun apuasi en olisi selvinnyt tästä.
fi	Ensi viikolla lähdemme yhdessä lomalle.
fi	Tuo on hyvin mielenkiintoinen kysymys, kiitos paljon.
fi	Olen varma, että löydämme yhdessä ratkaisun.
fi	Hyvää huomenta, mitä kuuluu tänään
fi	hyvää huomenta, mitä kuuluu tänään
fi	Haluaisin tilata kupillisen kahvia, kiitos
fi	haluaisin tilata kupillisen kahvia, kiitos
fi	Juna Helsinkiin lähtee kymmenen minuutin kuluttua
fi	juna helsinkiin lähtee kymmenen minuutin kuluttua
fi	Juna Helsinkiin lähtee kymmenen
fi	lähtee kymmenen minuutin kuluttua
fi	Voisitteko näyttää minulle tien asemalle
fi	voisitteko näyttää minulle tien asemalle
fi	Sää on tänään melko kylmä ja tuulinen
fi	sää on tänään melko kylmä ja tuulinen
fi	Sää on tänään melko kylmä
fi	tänään melko kylmä ja tuulinen
fi	Söimme eilen illalla päivällistä ravintolassa
fi	söimme eilen illalla päivällistä ravintolassa
fi	Puhukaa vähän hitaammin, en ymmärrä kaikkea
fi	puhukaa vähän hitaammin, en ymmärrä kaikkea
fi	Puhukaa vähän hitaammin, en
fi	hitaammin, en ymmärrä kaikkea
fi	Kirjasto on viikonloppuna auki vain aamupäivisin
fi	kirjasto on viikonloppuna auki vain aamupäivisin
fi	Kirjasto on viikonloppuna auki
fi	viikonloppuna auki vain aamupäivisin
fi	Veljeni on työskennellyt tässä kaupungissa kolme vuotta
fi	veljeni on työskennellyt tässä kaupungissa kolme vuotta
fi	Veljeni on työskennellyt tässä kaupungissa
fi	työskennellyt tässä kaupungissa kolme vuotta
fi	Mikään ei ole parempaa kuin tuore leipä aamiaisella
fi	mikään ei ole parempaa kuin tuore leipä aamiaisella
fi	Mikään ei ole parempaa kuin
fi	parempaa kuin tuore leipä aamiaisella
fo	Góðan morgun, hvussu hevur tú tað í dag?
fo	Eg vil fegin bíleggja ein koppa av kaffi, takk.
fo	Tokið til Tórshavnar koyrir um tíggju minuttir.
fo	Kanst tú vísa mær vegin til støðina?
fo	Veðrið er rættiliga kølt og hvast í dag.
fo	Vit átu kvøldmat á einum matstovuni í gjárkvøldið.
fo	Kanst tú tosa eitt sindur seintari, eg skilji ikki alt.
fo	Bókasavnið er bert opið um morgunin um vikuskiftið.
fo	Beigin mín hevur arbeitt í hesum býnum í trý ár.
fo	Einki er betri enn fesk breyð til morgunmat.
fo	Hví segði tú mær hetta ikki fyrr?
fo	Børnini leika úti í havini aftan fyri húsið.
fo	Uttan tína hjálp hevði eg ikki klárað hetta.
fo	Næstu viku fara vit saman í feriu.
fo	Hetta er ein sera áhugaverd spurningur, mong takk.
fo	Eg eri vís í, at vit finna eina loysn saman.
fo	Góðan morgun, hvussu hevur tú tað í dag
fo	góðan morgun, hvussu hevur tú tað í dag
fo	Góðan morgun, hvussu hevur tú
fo	hevur tú tað í dag
fo	Eg vil fegin bíleggja ein koppa av kaffi, takk
fo	eg vil fegin bíleggja ein koppa av kaffi, takk
fo	Eg vil fegin bíleggja ein koppa
fo	bíleggja ein koppa av kaffi, takk
fo	vil fegin bíleggja ein koppa av
fo	Tokið til Tórshavnar koyrir um tíggju minuttir
fo	tokið til tórshavnar koyrir um tíggju minuttir
fo	Tokið til Tórshavnar koyrir um
fo	Tórshavnar koyrir um tíggju minuttir
fo	Kanst tú vísa mær vegin til støðina
fo	kanst tú vísa mær vegin til støðina
fo	Kanst tú vísa mær vegin
fo	vísa mær vegin til støðina
fo	Veðrið er rættiliga kølt og hvast í dag
fo	veðrið er rættiliga kølt og hvast í dag
fo	Veðrið er rættiliga kølt og
fo	kølt og hvast í dag
fo	Vit átu kvøldmat á einum matstovuni í gjárkvøldið
fo	vit átu kvøldmat á einum matstovuni í gjárkvøldið
fo	Vit átu kvøldmat á einum
fo	á einum matstovuni í gjárkvøldið
fo	Kanst tú tosa eitt sindur seintari, eg skilji ikki alt
fo	kanst tú tosa eitt sindur seintari, eg skilji ikki alt
fo	Kanst tú tosa eitt sindur seintari, eg
fo	eitt sindur seintari, eg skilji ikki alt
fo	tú tosa eitt sindur seintari, eg skilji
fo	Bókasavnið er bert opið um morgunin um vikuskiftið
fo	bókasavnið er bert opið um morgunin um vikuskiftið
fr	Bonjour, comment allez-vous aujourd'hui?
fr	Je voudrais commander une tasse de café, s'il vous plaît.
fr	Le train pour Paris part dans dix minutes.
fr	Pourriez-vous m'indiquer le chemin vers la gare?
fr	Il fait assez froid et venté aujourd'hui.
fr	Nous avons dîné au restaurant hier soir.
fr	Parlez un peu plus lentement, je ne comprends pas tout.
fr	La bibliothèque n'est ouverte que le matin le week-end.
fr	Mon frère travaille dans cette ville depuis trois ans.
fr	Il n'y a rien de meilleur que du pain frais au petit-déjeuner.
fr	Pourquoi ne m'as-tu pas prévenu plus tôt?
fr	Les enfants jouent dehors dans le jardin derrière la maison.
fr	Sans ton aide, je n'aurais pas réussi à faire cela.
fr	La semaine prochaine nous partons ensemble en vacances.
fr	C'est une question très intéressante, merci beaucoup.
fr	Je suis sûr que nous trouverons une solution ensemble.
fr	Bonjour, comment allez-vous aujourd'hui
fr	bonjour, comment allez-vous aujourd'hui
fr	Je voudrais commander une tasse de café, s'il vous plaît
fr	je voudrais commander une tasse de café, s'il vous plaît
fr	Je voudrais commander une tasse de café,
fr	une tasse de café, s'il vous plaît
fr	voudrais commander une tasse de café, s'il
fr	Le train pour Paris part dans dix minutes
fr	le train pour paris part dans dix minutes
fr	Le train pour Paris part
fr	Paris part dans dix minutes
fr	Pourriez-vous m'indiquer le chemin vers la gare
fr	pourriez-vous m'indiquer le chemin vers la gare
fr	Pourriez-vous m'indiquer le chemin vers
fr	le chemin vers la gare
fr	Il fait assez froid et venté aujourd'hui
fr	il fait assez froid et venté aujourd'hui
fr	Il fait assez froid et
fr	assez froid et venté aujourd'hui
fr	Nous avons dîné au restaurant hier soir
fr	nous avons dîné au restaurant hier soir
fr	Nous avons dîné au restaurant
fr	dîné au restaurant hier soir
fr	Parlez un peu plus lentement, je ne comprends pas tout
fr	parlez un peu plus lentement, je ne comprends pas tout
fr	Parlez un peu plus lentement, je ne
fr	plus lentement, je ne comprends pas tout
fr	un peu plus lentement, je ne comprends
fr	La bibliothèque n'est ouverte que le matin le week-end
fr	la bibliothèque n'est ouverte que le matin le week-end
fr	La bibliothèque n'est ouverte que le
fr	ouverte que le matin le week-end
fy	Goeie moarn, hoe giet it hjoed mei dy?
fy	Ik wol graach in kopke kofje bestelle, asjebleaft.
fy	De trein nei Ljouwert fertrekt oer tsien minuten.
fy	Kinsto my de wei nei it stasjon wize?
fy	It waar is hjoed nochal kâld en winderich.
fy	Justerjûn hawwe wy yn in restaurant iten.
fy	Praat asjebleaft wat stadiger, ik begryp net alles.
fy	De bibleteek is yn it wykein allinne moarns iepen.
fy	Myn broer wurket al trije jier yn dizze stêd.
fy	Der is neat better as farsk brea by it moarnsiten.
fy	Wêrom hasto it my net earder ferteld?
fy	De bern spylje bûten yn de tún efter it hûs.
fy	Sûnder dyn help hie ik dit net kinnen.
fy	Oare wike geane wy tegearre op fakânsje.
fy	Dat is in tige nijsgjirrige fraach, tankewol.
fy	Ik bin der wis fan dat wy in oplossing fine.
fy	Goeie moarn, hoe giet it hjoed mei dy
fy	goeie moarn, hoe giet it hjoed mei dy
fy	Goeie moarn, hoe giet it
fy	giet it hjoed mei dy
fy	Ik wol graach in kopke kofje bestelle, asjebleaft
fy	ik wol graach in kopke kofje bestelle, asjebleaft
fy	Ik wol graach in kopke
fy	in kopke kofje bestelle, asjebleaft
fy	De trein nei Ljouwert fertrekt oer tsien minuten
fy	de trein nei ljouwert fertrekt oer tsien minuten
fy	De trein nei Ljouwert fertrekt
fy	Ljouwert fertrekt oer tsien minuten
fy	Kinsto my de wei nei it stasjon wize
fy	kinsto my de wei nei it stasjon wize
fy	Kinsto my de wei nei
fy	wei nei it stasjon wize
fy	It waar is hjoed nochal kâld en winderich
fy	it waar is hjoed nochal kâld en winderich
fy	It waar is hjoed nochal
fy	hjoed nochal kâld en winderich
fy	Justerjûn hawwe wy yn in restaurant iten
fy	justerjûn hawwe wy yn in restaurant iten
fy	Justerjûn hawwe wy yn in
fy	wy yn in restaurant iten
fy	Praat asjebleaft wat stadiger, ik begryp net alles
fy	praat asjebleaft wat stadiger, ik begryp net alles
fy	Praat asjebleaft wat stadiger, ik
fy	stadiger, ik begryp net alles
fy	De bibleteek is yn it wykein allinne moarns iepen
fy	de bibleteek is yn it wykein allinne moarns iepen
fy	De bibleteek is yn it wykein
fy	yn it wykein allinne moarns iepen
ga	Maidin mhaith, conas atá tú inniu?
ga	Ba mhaith liom cupán caife a ordú, le do thoil.
ga	Fágann an traein go Baile Átha Cliath i gceann deich nóiméad.
ga	An bhféadfá an bealach chuig an stáisiún a thaispeáint dom?
ga	Tá an aimsir fuar go leor agus gaofar inniu.
ga	D'itheamar dinnéar i mbialann aréir.
ga	Labhair níos moille, le do thoil, ní thuigim gach rud.
ga	Ní bhíonn an leabharlann ar oscailt ach ar maidin ag an deireadh seachtaine.
ga	Tá mo dheartháir ag obair sa chathair seo le trí bliana.
ga	Níl aon ní níos fearr ná arán úr don bhricfeasta.
ga	Cén fáth nár inis tú dom faoi seo níos luaithe?
ga	Tá na páistí ag súgradh amuigh sa ghairdín taobh thiar den teach.
ga	Gan do chabhair ní bheinn in ann é seo a dhéanamh.
ga	An tseachtain seo chugainn beimid ag dul ar saoire le chéile.
ga	Is ceist an-suimiúil í sin, go raibh míle maith agat.
ga	Tá mé cinnte go bhfaighimid réiteach le chéile.
ga	Maidin mhaith, conas atá tú inniu
ga	maidin mhaith, conas atá tú inniu
ga	Maidin mhaith, conas atá
ga	conas atá tú inniu
ga	Ba mhaith liom cupán caife a ordú, le do thoil
ga	ba mhaith liom cupán caife a ordú, le do thoil
ga	Ba mhaith liom cupán caife a ordú,
ga	cupán caife a ordú, le do thoil
ga	mhaith liom cupán caife a ordú, le
ga	Fágann an traein go Baile Átha Cliath i gceann deich nóiméad
ga	fágann an traein go baile átha cliath i gceann deich nóiméad
ga	Fágann an traein go Baile Átha Cliath
ga	Baile Átha Cliath i gceann deich nóiméad
ga	an traein go Baile Átha Cliath i
ga	An bhféadfá an bealach chuig an stáisiún a thaispeáint dom
ga	an bhféadfá an bealach chuig an stáisiún a thaispeáint dom
ga	An bhféadfá an bealach chuig an stáisiún
ga	bealach chuig an stáisiún a thaispeáint dom
ga	bhféadfá an bealach chuig an stáisiún a
ga	Tá an aimsir fuar go leor agus gaofar inniu
ga	tá an aimsir fuar go leor agus gaofar inniu
ga	Tá an aimsir fuar go leor
ga	fuar go leor agus gaofar inniu
ga	an aimsir fuar go leor agus
ga	D'itheamar dinnéar i mbialann aréir
ga	d'itheamar dinnéar i mbialann aréir
ga	Labhair níos moille, le do thoil, ní thuigim gach rud
ga	labhair níos moille, le do thoil, ní thuigim gach rud
ga	Labhair níos moille, le do thoil, ní
ga	le do thoil, ní thuigim gach rud
ga	níos moille, le do thoil, ní thuigim
ga	Ní bhíonn an leabharlann ar oscailt ach ar maidin ag an deireadh seachtaine
gd	Madainn mhath, ciamar a tha thu an-diugh?
gd	Bu toil leam cupan cofaidh òrdachadh, mas e do thoil e.
gd	Tha an trèana a dh'ionnsaigh Dhùn Èideann a' falbh ann an deich mionaidean.
gd	An urrainn dhut an t-slighe dhan stèisean a shealltainn dhomh?
gd	Tha an t-sìde caran fuar is gaothach an-diugh.
gd	Dh'ith sinn dinnear ann an taigh-bìdh an-raoir.
gd	Bruidhinn beagan nas slaodaiche, mas e do thoil e, chan eil mi a' tuigsinn a h-uile càil.
gd	Chan eil an leabharlann fosgailte ach sa mhadainn aig an deireadh-sheachdain.
gd	Tha mo bhràthair air a bhith ag obair anns a' bhaile seo airson trì bliadhna.
gd	Chan eil dad nas fheàrr na aran ùr airson bracaist.
gd	Carson nach do dh'innis thu dhomh mun seo na bu tràithe?
gd	Tha a' chlann a' cluich a-muigh anns a' ghàrradh air cùl an taighe.
gd	As aonais do chuideachaidh cha bhithinn air seo a dhèanamh.
gd	An ath sheachdain tha sinn a' dol air saor-làithean còmhla.
gd	'S e ceist fìor inntinneach a tha sin, mòran taing.
gd	Tha mi cinnteach gun lorg sinn fuasgladh còmhla.
gd	Madainn mhath, ciamar a tha thu an-diugh
gd	madainn mhath, ciamar a tha thu an-diugh
gd	Madainn mhath, ciamar a tha
gd	ciamar a tha thu an-diugh
gd	Bu toil leam cupan cofaidh òrdachadh, mas e do thoil e
gd	bu toil leam cupan cofaidh òrdachadh, mas e do thoil e
gd	Bu toil leam cupan cofaidh òrdachadh, mas
gd	cofaidh òrdachadh, mas e do thoil e
gd	toil leam cupan cofaidh òrdachadh, mas e
gd	Tha an trèana a dh'ionnsaigh Dhùn Èideann a' falbh ann an deich mionaidean
gd	tha an trèana a dh'ionnsaigh dhùn èideann a' falbh ann an deich mionaidean
gd	Tha an trèana a dh'ionnsaigh Dhùn Èideann a' falbh
gd	dh'ionnsaigh Dhùn Èideann a' falbh ann an deich mionaidean
gd	an trèana a dh'ionnsaigh Dhùn Èideann a' falbh ann
gd	An urrainn dhut an t-slighe dhan stèisean a shealltainn dhomh
gd	an urrainn dhut an t-slighe dhan stèisean a shealltainn dhomh
gd	An urrainn dhut an t-slighe dhan stèisean
gd	an t-slighe dhan stèisean a shealltainn dhomh
gd	urrainn dhut an t-slighe dhan stèisean a
gd	Tha an t-sìde caran fuar is gaothach an-diugh
gd	tha an t-sìde caran fuar is gaothach an-diugh
gd	Tha an t-sìde caran fuar
gd	caran fuar is gaothach an-diugh
gd	Dh'ith sinn dinnear ann an taigh-bìdh an-raoir
gd	dh'ith sinn dinnear ann an taigh-bìdh an-raoir
gd	Dh'ith sinn dinnear ann an
gd	dinnear ann an taigh-bìdh an-raoir
gd	Bruidhinn beagan nas slaodaiche, mas e do thoil e, chan eil mi a' tuigsinn a h-uile càil
gd	bruidhinn beagan nas slaodaiche, mas e do thoil e, chan eil mi a' tuigsinn a h-uile càil
gd	Bruidhinn beagan nas slaodaiche, mas e do thoil e, chan eil
gd	do thoil e, chan eil mi a' tuigsinn a h-uile càil
gd	beagan nas slaodaiche, mas e do thoil e, chan eil mi
gl	Bos días, como estás hoxe?
gl	Gustaríame pedir unha cunca de café, por favor.
gl	O tren para Santiago sae dentro de dez minutos.
gl	Podería indicarme o camiño ata a estación?
gl	Hoxe fai bastante frío e hai moito vento.
gl	Onte á noite cearamos nun restaurante.
gl	Fale un pouco máis amodo, non entendo todo.
gl	A biblioteca só abre pola mañá os fins de semana.
gl	O meu irmán traballa nesta cidade dende hai tres anos.
gl	Non hai nada mellor ca o pan fresco para o almorzo.
gl	Por que non mo dixeches antes?
gl	Os nenos xogan fóra no xardín detrás da casa.
gl	Sen a túa axuda non tería conseguido facer isto.
gl	A semana que vén imos de vacacións xuntos.
gl	Esa é unha pregunta moi interesante, moitas grazas.
gl	Estou seguro de que imos atopar unha solución xuntos.
gl	Non entendo esta acción, mais moitas grazas polo tren de mañá.
gl	Bos días, como estás hoxe
gl	bos días, como estás hoxe
gl	Gustaríame pedir unha cunca de café, por favor
gl	gustaríame pedir unha cunca de café, por favor
gl	Gustaríame pedir unha cunca de
gl	cunca de café, por favor
gl	O tren para Santiago sae dentro de dez minutos
gl	o tren para santiago sae dentro de dez minutos
gl	O tren para Santiago sae dentro
gl	Santiago sae dentro de dez minutos
gl	tren para Santiago sae dentro de
gl	Podería indicarme o camiño ata a estación
gl	podería indicarme o camiño ata a estación
gl	Podería indicarme o camiño ata
gl	o camiño ata a estación
gl	Hoxe fai bastante frío e hai moito vento
gl	hoxe fai bastante frío e hai moito vento
gl	Hoxe fai bastante frío e
gl	frío e hai moito vento
gl	Onte á noite cearamos nun restaurante
gl	onte á noite cearamos nun restaurante
gl	Onte á noite cearamos
gl	noite cearamos nun restaurante
gl	Fale un pouco máis amodo, non entendo todo
gl	fale un pouco máis amodo, non entendo todo
gl	Fale un pouco máis amodo,
gl	máis amodo, non entendo todo
gl	A biblioteca só abre pola mañá os fins de semana
gl	a biblioteca só abre pola mañá os fins de semana
gl	A biblioteca só abre pola mañá os
gl	abre pola mañá os fins de semana
hr	Dobro jutro, kako si danas?
hr	Želio bih naručiti šalicu kave, molim.
hr	Vlak za Zagreb odlazi za deset minuta.
hr	Možete li mi pokazati put do kolodvora?
hr	Vrijeme je danas prilično hladno i vjetrovito.
hr	Sinoć smo večerali u restoranu.
hr	Govorite molim malo sporije, ne razumijem sve.
hr	Knjižnica je vikendom otvorena samo ujutro.
hr	Moj brat radi u ovom gradu već tri godine.
hr	Nema ništa bolje od svježeg kruha za doručak.
hr	Zašto mi to nisi rekao ranije?
hr	Djeca se igraju vani u vrtu iza kuće.
hr	Bez tvoje pomoći to ne bih uspio.
hr	Sljedeći tjedan idemo zajedno na godišnji odmor.
hr	To je vrlo zanimljivo pitanje, hvala lijepa.
hr	Siguran sam da ćemo zajedno pronaći rješenje.
hr	Kupio sam svježi kruh i kavu na kolodvoru prije vožnje vlakom.
hr	Ovog tjedna idemo na plažu, a u siječnju ostajemo kod kuće.
hr	Tko je to rekao i što to točno znači za naše rješenje?
hr	Dobro jutro, kako si danas
hr	dobro jutro, kako si danas
hr	Želio bih naručiti šalicu kave, molim
hr	želio bih naručiti šalicu kave, molim
hr	Želio bih naručiti šalicu
hr	naručiti šalicu kave, molim
hr	Vlak za Zagreb odlazi za deset minuta
hr	vlak za zagreb odlazi za deset minuta
hr	Vlak za Zagreb odlazi za
hr	Zagreb odlazi za deset minuta
hr	Možete li mi pokazati put do kolodvora
hr	možete li mi pokazati put do kolodvora
hr	Možete li mi pokazati put
hr	mi pokazati put do kolodvora
hr	Vrijeme je danas prilično hladno i vjetrovito
hr	vrijeme je danas prilično hladno i vjetrovito
hr	Vrijeme je danas prilično hladno
hr	danas prilično hladno i vjetrovito
hr	Sinoć smo večerali u restoranu
hr	sinoć smo večerali u restoranu
hr	Govorite molim malo sporije, ne razumijem sve
hr	govorite molim malo sporije, ne razumijem sve
hr	Govorite molim malo sporije, ne
hr	malo sporije, ne razumijem sve
hr	Knjižnica je vikendom otvorena samo ujutro
hr	knjižnica je vikendom otvorena samo ujutro
hr	Knjižnica je vikendom otvorena
hr	vikendom otvorena samo ujutro
hr	Moj brat radi u ovom gradu već tri godine
hu	Jó reggelt, hogy vagy ma?
hu	Szeretnék kérni egy csésze kávét, kérem.
hu	A Budapestre tartó vonat tíz perc múlva indul.
hu	Megmutatná nekem az utat az állomásra?
hu	Az időjárás ma meglehetősen hideg és szeles.
hu	Tegnap este egy étteremben vacsoráztunk.
hu	Kérem, beszéljen kicsit lassabban, nem értek mindent.
hu	A könyvtár hétvégén csak délelőtt tart nyitva.
hu	A bátyám már három éve dolgozik ebben a városban.
hu	Nincs jobb a friss kenyérnél a reggelihez.
hu	Miért nem mondtad el nekem ezt korábban?
hu	A gyerekek kint játszanak a ház mögötti kertben.
hu	A te segítséged nélkül nem boldogultam volna ezzel.
hu	Jövő héten együtt megyünk nyaralni.
hu	Ez egy nagyon érdekes kérdés, köszönöm szépen.
hu	Biztos vagyok benne, hogy együtt találunk megoldást.
hu	Jó reggelt, hogy vagy ma
hu	jó reggelt, hogy vagy ma
hu	Szeretnék kérni egy csésze kávét, kérem
hu	szeretnék kérni egy csésze kávét, kérem
hu	Szeretnék kérni egy csésze
hu	egy csésze kávét, kérem
hu	A Budapestre tartó vonat tíz perc múlva indul
hu	a budapestre tartó vonat tíz perc múlva indul
hu	A Budapestre tartó vonat tíz
hu	vonat tíz perc múlva indul
hu	Megmutatná nekem az utat az állomásra
hu	megmutatná nekem az utat az állomásra
hu	Megmutatná nekem az utat
hu	az utat az állomásra
hu	Az időjárás ma meglehetősen hideg és szeles
hu	az időjárás ma meglehetősen hideg és szeles
hu	Az időjárás ma meglehetősen hideg
hu	ma meglehetősen hideg és szeles
hu	Tegnap este egy étteremben vacsoráztunk
hu	tegnap este egy étteremben vacsoráztunk
hu	Kérem, beszéljen kicsit lassabban, nem értek mindent
hu	kérem, beszéljen kicsit lassabban, nem értek mindent
hu	Kérem, beszéljen kicsit lassabban, nem
hu	kicsit lassabban, nem értek mindent
hu	A könyvtár hétvégén csak délelőtt tart nyitva
hu	a könyvtár hétvégén csak délelőtt tart nyitva
hu	A könyvtár hétvégén csak délelőtt
hu	hétvégén csak délelőtt tart nyitva
hu	A bátyám már három éve dolgozik ebben a városban
hu	a bátyám már három éve dolgozik ebben a városban
hu	A bátyám már három éve dolgozik
hu	három éve dolgozik ebben a városban
hy	Բարի լույս, ինչպե՞ս ես այսօր։
hy	Կցանկանայի պատվիրել մի բաժակ սուրճ, խնդրում եմ։
hy	Երևան գնացող գնացքը մեկնում է տասը րոպեից։
hy	Կկարողանա՞ք ցույց տալ կայարան տանող ճանապարհը։
hy	Այսօր եղանակը բավականին ցուրտ է և քամոտ։
hy	Երեկ երեկոյան մենք ընթրեցինք մի ռեստորանում։
hy	Խնդրում եմ խոսեք մի քիչ ավելի դանդաղ, ամեն ինչ չեմ հասկանում։
hy	Գրադարանը հանգստյան օրերին բաց է միայն առավոտյան։
hy	Իմ եղբայրը արդեն երեք տարի է՝ աշխատում է այս քաղաքում։
hy	Նախաճաշին թարմ հացից լավ բան չկա։
hy	Ինչո՞ւ ավելի վաղ չասացիր ինձ այս մասին։
hy	Երեխաները խաղում են դրսում՝ տան հետևի այգում։
hy	Քո օգնության առանց ես սա չէի կարողանա անել։
hy	Հաջորդ շաբաթ միասին գնում ենք արձակուրդ։
hy	Սա շատ հետաքրքիր հարց է, շատ շնորհակալություն։
hy	Վստահ եմ, որ միասին լուծում կգտնենք։
hy	Բարի լույս, ինչպե՞ս ես այսօր
hy	բարի լույս, ինչպե՞ս ես այսօր
hy	Կցանկանայի պատվիրել մի բաժակ սուրճ, խնդրում եմ
hy	կցանկանայի պատվիրել մի բաժակ սուրճ, խնդրում եմ
hy	Կցանկանայի պատվիրել մի բաժակ սուրճ,
hy	մի բաժակ սուրճ, խնդրում եմ
hy	Երևան գնացող գնացքը մեկնում է տասը րոպեից
hy	երևան գնացող գնացքը մեկնում է տասը րոպեից
hy	Երևան գնացող գնացքը մեկնում է
hy	գնացքը մեկնում է տասը րոպեից
hy	Կկարողանա՞ք ցույց տալ կայարան տանող ճանապարհը
hy	կկարողանա՞ք ցույց տալ կայարան տանող ճանապարհը
hy	Կկարողանա՞ք ցույց տալ կայարան
hy	տալ կայարան տանող ճանապարհը
hy	Այսօր եղանակը բավականին ցուրտ է և քամոտ
hy	այսօր եղանակը բավականին ցուրտ է և քամոտ
hy	Այսօր եղանակը բավականին ցուրտ է
hy	բավականին ցուրտ է և քամոտ
hy	Երեկ երեկոյան մենք ընթրեցինք մի ռեստորանում
hy	երեկ երեկոյան մենք ընթրեցինք մի ռեստորանում
hy	Երեկ երեկոյան մենք ընթրեցինք
hy	մենք ընթրեցինք մի ռեստորանում
hy	Խնդրում եմ խոսեք մի քիչ ավելի դանդաղ, ամեն ինչ չեմ հասկանում
hy	խնդրում եմ խոսեք մի քիչ ավելի դանդաղ, ամեն ինչ չեմ հասկանում
hy	Խնդրում եմ խոսեք մի քիչ ավելի դանդաղ,
hy	քիչ ավելի դանդաղ, ամեն ինչ չեմ հասկանում
hy	եմ խոսեք մի քիչ ավելի դանդաղ, ամեն
hy	Գրադարանը հանգստյան օրերին բաց է միայն առավոտյան
hy	գրադարանը հանգստյան օրերին բաց է միայն առավոտյան
hy	Գրադարանը հանգստյան օրերին բաց է
hy	օրերին բաց է միայն առավոտյան
hy	Իմ եղբայրը արդեն երեք տարի է՝ աշխատում է այս քաղաքում
is	Góðan daginn, hvernig hefurðu það í dag?
is	Ég ætla að panta mér bolla af kaffi, takk.
is	Lestin til Reykjavíkur fer eftir tíu mínútur.
is	Geturðu sýnt mér leiðina á stöðina?
is	Veðrið er frekar kalt og hvasst í dag.
is	Við borðuðum kvöldmat á veitingastað í gærkvöldi.
is	Geturðu talað aðeins hægar, ég skil ekki allt.
is	Bókasafnið er aðeins opið að morgni um helgar.
is	Bróðir minn hefur unnið í þessum bæ í þrjú ár.
is	Það er ekkert betra en ferskt brauð í morgunmat.
is	Af hverju sagðirðu mér þetta ekki fyrr?
is	Börnin eru að leika sér úti í garðinum á bak við húsið.
is	Án hjálpar þinnar hefði ég ekki ráðið við þetta.
is	Næstu viku förum við saman í frí.
is	Þetta er mjög áhugaverð spurning, kærar þakkir.
is	Ég er viss um að við finnum lausn saman.
is	Góðan daginn, hvernig hefurðu það í dag
is	góðan daginn, hvernig hefurðu það í dag
is	Góðan daginn, hvernig hefurðu það
is	hvernig hefurðu það í dag
is	Ég ætla að panta mér bolla af kaffi, takk
is	ég ætla að panta mér bolla af kaffi, takk
is	Ég ætla að panta mér bolla
is	panta mér bolla af kaffi, takk
is	ætla að panta mér bolla af
is	Lestin til Reykjavíkur fer eftir tíu mínútur
is	lestin til reykjavíkur fer eftir tíu mínútur
is	Lestin til Reykjavíkur fer eftir
is	Reykjavíkur fer eftir tíu mínútur
is	Geturðu sýnt mér leiðina á stöðina
is	geturðu sýnt mér leiðina á stöðina
is	Geturðu sýnt mér leiðina
is	mér leiðina á stöðina
is	Veðrið er frekar kalt og hvasst í dag
is	veðrið er frekar kalt og hvasst í dag
is	Veðrið er frekar kalt og
is	kalt og hvasst í dag
is	Við borðuðum kvöldmat á veitingastað í gærkvöldi
is	við borðuðum kvöldmat á veitingastað í gærkvöldi
is	Við borðuðum kvöldmat á veitingastað
is	kvöldmat á veitingastað í gærkvöldi
is	Geturðu talað aðeins hægar, ég skil ekki allt
is	geturðu talað aðeins hægar, ég skil ekki allt
is	Geturðu talað aðeins hægar, ég
is	hægar, ég skil ekki allt
is	Bókasafnið er aðeins opið að morgni um helgar
is	bókasafnið er aðeins opið að morgni um helgar
is	Bókasafnið er aðeins opið að
it	Buongiorno, come stai oggi?
it	Vorrei ordinare una tazza di caffè, per favore.
it	Il treno per Roma parte tra dieci minuti.
it	Potrebbe indicarmi la strada per la stazione?
it	Oggi fa piuttosto freddo e c'è vento.
it	Ieri sera abbiamo cenato in un ristorante.
it	Parli un po' più lentamente, non capisco tutto.
it	La biblioteca è aperta solo la mattina nel fine settimana.
it	Mio fratello lavora in questa città da tre anni.
it	Non c'è niente di meglio del pane fresco a colazione.
it	Perché non me l'hai detto prima?
it	I bambini giocano fuori nel giardino dietro la casa.
it	Senza il tuo aiuto non ce l'avrei fatta.
it	La settimana prossima partiamo insieme in vacanza.
it	Questa è una domanda molto interessante, grazie mille.
it	Sono sicuro che troveremo insieme una soluzione.
it	Buongiorno, come stai oggi
it	buongiorno, come stai oggi
it	Vorrei ordinare una tazza di caffè, per favore
it	vorrei ordinare una tazza di caffè, per favore
it	Vorrei ordinare una tazza di
it	tazza di caffè, per favore
it	Il treno per Roma parte tra dieci minuti
it	il treno per roma parte tra dieci minuti
it	Il treno per Roma parte
it	Roma parte tra dieci minuti
it	Potrebbe indicarmi la strada per la stazione
it	potrebbe indicarmi la strada per la stazione
it	Potrebbe indicarmi la strada per
it	la strada per la stazione
it	Oggi fa piuttosto freddo e c'è vento
it	oggi fa piuttosto freddo e c'è vento
it	Oggi fa piuttosto freddo e
it	piuttosto freddo e c'è vento
it	Ieri sera abbiamo cenato in un ristorante
it	ieri sera abbiamo cenato in un ristorante
it	Ieri sera abbiamo cenato in
it	abbiamo cenato in un ristorante
it	Parli un po' più lentamente, non capisco tutto
it	parli un po' più lentamente, non capisco tutto
it	Parli un po' più lentamente,
it	più lentamente, non capisco tutto
it	La biblioteca è aperta solo la mattina nel fine settimana
it	la biblioteca è aperta solo la mattina nel fine settimana
it	La biblioteca è aperta solo la mattina
it	aperta solo la mattina nel fine settimana
it	biblioteca è aperta solo la mattina nel
it	Mio fratello lavora in questa città da tre anni
ka	დილა მშვიდობისა, როგორ ხარ დღეს?
ka	მინდა შევუკვეთო ერთი ფინჯანი ყავა, გთხოვთ.
ka	თბილისის მატარებელი ათ წუთში გავა.
ka	შეგიძლიათ მაჩვენოთ გზა სადგურამდე?
ka	ამინდი დღეს საკმაოდ ცივი და ქარიანია.
ka	გუშინ საღამოს რესტორანში ვივახშმეთ.
ka	გთხოვთ, ილაპარაკოთ ცოტა ნელა, ყველაფერს ვერ ვიგებ.
ka	ბიბლიოთეკა შაბათ-კვირას მხოლოდ დილით არის გახსნილი.
ka	ჩემი ძმა ამ ქალაქში უკვე სამი წელია მუშაობს.
ka	საუზმეზე ახალი პურის უკეთესი არაფერია.
ka	რატომ არ მითხარი ეს ადრე?
ka	ბავშვები სახლის უკან ბაღში თამაშობენ.
ka	შენი დახმარების გარეშე ამას ვერ შევძლებდი.
ka	მომავალ კვირას ერთად წავალთ დასასვენებლად.
ka	ეს ძალიან საინტერესო კითხვაა, დიდი მადლობა.
ka	დარწმუნებული ვარ, რომ ერთად ვიპოვით გამოსავალს.
ka	დილა მშვიდობისა, როგორ ხარ დღეს
ka	მინდა შევუკვეთო ერთი ფინჯანი ყავა, გთხოვთ
ka	მინდა შევუკვეთო ერთი ფინჯანი
ka	ერთი ფინჯანი ყავა, გთხოვთ
ka	თბილისის მატარებელი ათ წუთში გავა
ka	შეგიძლიათ მაჩვენოთ გზა სადგურამდე
ka	ამინდი დღეს საკმაოდ ცივი და ქარიანია
ka	ამინდი დღეს საკმაოდ ცივი
ka	საკმაოდ ცივი და ქარიანია
ka	გუშინ საღამოს რესტორანში ვივახშმეთ
ka	გთხოვთ, ილაპარაკოთ ცოტა ნელა, ყველაფერს ვერ ვიგებ
ka	გთხოვთ, ილაპარაკოთ ცოტა ნელა, ყველაფერს
ka	ცოტა ნელა, ყველაფერს ვერ ვიგებ
ka	ბიბლიოთეკა შაბათ-კვირას მხოლოდ დილით არის გახსნილი
ka	ბიბლიოთეკა შაბათ-კვირას მხოლოდ დილით
ka	მხოლოდ დილით არის გახსნილი
ka	ჩემი ძმა ამ ქალაქში უკვე სამი წელია მუშაობს
ka	ჩემი ძმა ამ ქალაქში უკვე
ka	ქალაქში უკვე სამი წელია მუშაობს
ka	საუზმეზე ახალი პურის უკეთესი არაფერია
ka	რატომ არ მითხარი ეს ადრე
ka	ბავშვები სახლის უკან ბაღში თამაშობენ
ka	შენი დახმარების გარეშე ამას ვერ შევძლებდი
ka	შენი დახმარების გარეშე ამას
ka	გარეშე ამას ვერ შევძლებდი
ka	მომავალ კვირას ერთად წავალთ დასასვენებლად
ka	ეს ძალიან საინტერესო კითხვაა, დიდი მადლობა
ka	ეს ძალიან საინტერესო კითხვაა,
ka	საინტერესო კითხვაა, დიდი მადლობა
ka	დარწმუნებული ვარ, რომ ერთად ვიპოვით გამოსავალს
ka	დარწმუნებული ვარ, რომ ერთად
ka	რომ ერთად ვიპოვით გამოსავალს
lb	Gudde Moien, wéi geet et dir haut?
lb	Ech wëll gär eng Tass Kaffi bestellen, wann ech gelift.
lb	Den Zuch op Lëtzebuerg fiert an zéng Minutten of.
lb	Kënnt Dir mir de Wee op d'Gare weisen?
lb	D'Wieder ass haut zimmlech kal a windeg.
lb	Gëschter Owend hu mir am Restaurant giess.
lb	Schwätzt w.e.g. e bësse méi lues, ech verstinn net alles.
lb	D'Bibliothéik ass am Weekend nëmme moies op.
lb	Mäi Brudder schafft zënter dräi Joer an dëser Stad.
lb	Et gëtt näischt Besseres wéi frëscht Brout beim Frühstück.
lb	Firwat hues du mir dat net méi fréi gesot?
lb	D'Kanner spillen dobaussen am Gaart hannert dem Haus.
lb	Ouni deng Hëllef hätt ech dat net gepackt.
lb	Nächst Woch fueren mir zesummen an d'Vakanz.
lb	Dat ass eng ganz interessant Fro, merci villmools.
lb	Ech si sécher, datt mir eng Léisung fanne wäerten.
lb	Gudde Moien, wéi geet et dir haut
lb	gudde moien, wéi geet et dir haut
lb	Gudde Moien, wéi geet et
lb	wéi geet et dir haut
lb	Ech wëll gär eng Tass Kaffi bestellen, wann ech gelift
lb	ech wëll gär eng tass kaffi bestellen, wann ech gelift
lb	Ech wëll gär eng Tass Kaffi bestellen,
lb	eng Tass Kaffi bestellen, wann ech gelift
lb	wëll gär eng Tass Kaffi bestellen, wann
lb	Den Zuch op Lëtzebuerg fiert an zéng Minutten of
lb	den zuch op lëtzebuerg fiert an zéng minutten of
lb	Den Zuch op Lëtzebuerg fiert an
lb	Lëtzebuerg fiert an zéng Minutten of
lb	Zuch op Lëtzebuerg fiert an zéng
lb	Kënnt Dir mir de Wee op d'Gare weisen
lb	kënnt dir mir de wee op d'gare weisen
lb	Kënnt Dir mir de Wee
lb	de Wee op d'Gare weisen
lb	D'Wieder ass haut zimmlech kal a windeg
lb	d'wieder ass haut zimmlech kal a windeg
lb	D'Wieder ass haut zimmlech kal
lb	haut zimmlech kal a windeg
lb	Gëschter Owend hu mir am Restaurant giess
lb	gëschter owend hu mir am restaurant giess
lb	Gëschter Owend hu mir am
lb	hu mir am Restaurant giess
lb	Schwätzt w.e.g. e bësse méi lues, ech verstinn net alles
lb	schwätzt w.e.g. e bësse méi lues, ech verstinn net alles
lb	Schwätzt w.e.g. e bësse méi lues, ech
lb	bësse méi lues, ech verstinn net alles
lb	w.e.g. e bësse méi lues, ech verstinn
lb	D'Bibliothéik ass am Weekend nëmme moies op
lt	Labas rytas, kaip tau šiandien sekasi?
lt	Norėčiau užsisakyti puodelį kavos, prašau.
lt	Traukinys į Vilnių išvyksta po dešimties minučių.
lt	Ar galėtumėte man parodyti kelią į stotį?
lt	Oras šiandien gana šaltas ir vėjuotas.
lt	Vakar vakare vakarieniavome restorane.
lt	Prašau kalbėti truputį lėčiau, aš ne viską suprantu.
lt	Biblioteka savaitgaliais dirba tik ryte.
lt	Mano brolis šiame mieste dirba jau trejus metus.
lt	Nėra nieko geriau už šviežią duoną pusryčiams.
lt	Kodėl tu man to nepasakei anksčiau?
lt	Vaikai žaidžia lauke sode už namo.
lt	Be tavo pagalbos aš su tuo nebūčiau susitvarkęs.
lt	Kitą savaitę kartu išvykstame atostogų.
lt	Tai labai įdomus klausimas, labai ačiū.
lt	Esu tikras, kad kartu rasime sprendimą.
lt	Labas rytas, kaip tau šiandien sekasi
lt	labas rytas, kaip tau šiandien sekasi
lt	Labas rytas, kaip tau
lt	kaip tau šiandien sekasi
lt	Norėčiau užsisakyti puodelį kavos, prašau
lt	norėčiau užsisakyti puodelį kavos, prašau
lt	Traukinys į Vilnių išvyksta po dešimties minučių
lt	traukinys į vilnių išvyksta po dešimties minučių
lt	Traukinys į Vilnių išvyksta po
lt	Vilnių išvyksta po dešimties minučių
lt	Ar galėtumėte man parodyti kelią į stotį
lt	ar galėtumėte man parodyti kelią į stotį
lt	Ar galėtumėte man parodyti kelią
lt	man parodyti kelią į stotį
lt	Oras šiandien gana šaltas ir vėjuotas
lt	oras šiandien gana šaltas ir vėjuotas
lt	Oras šiandien gana šaltas
lt	gana šaltas ir vėjuotas
lt	Vakar vakare vakarieniavome restorane
lt	vakar vakare vakarieniavome restorane
lt	Prašau kalbėti truputį lėčiau, aš ne viską suprantu
lt	prašau kalbėti truputį lėčiau, aš ne viską suprantu
lt	Prašau kalbėti truputį lėčiau, aš
lt	lėčiau, aš ne viską suprantu
lt	Biblioteka savaitgaliais dirba tik ryte
lt	biblioteka savaitgaliais dirba tik ryte
lt	Mano brolis šiame mieste dirba jau trejus metus
lt	mano brolis šiame mieste dirba jau trejus metus
lt	Mano brolis šiame mieste dirba
lt	mieste dirba jau trejus metus
lt	Nėra nieko geriau už šviežią duoną pusryčiams
lt	nėra nieko geriau už šviežią duoną pusryčiams
lv	Labrīt, kā tev šodien iet?
lv	Es gribētu pasūtīt tasi kafijas, lūdzu.
lv	Vilciens uz Rīgu atiet pēc desmit minūtēm.
lv	Vai jūs, lūdzu, varētu man parādīt ceļu uz staciju?
lv	Laiks šodien ir diezgan auksts un vējains.
lv	Vakar vakarā mēs vakariņojām restorānā.
lv	Lūdzu, runājiet mazliet lēnāk, es nesaprotu visu.
lv	Bibliotēka brīvdienās ir atvērta tikai no rīta.
lv	Mans brālis šajā pilsētā strādā jau trīs gadus.
lv	Nav nekā labāka par svaigu maizi brokastīs.
lv	Kāpēc tu man to neteici agrāk?
lv	Bērni spēlējas ārā dārzā aiz mājas.
lv	Bez tavas palīdzības es ar to nebūtu ticis galā.
lv	Nākamnedēļ mēs kopā dosimies atvaļinājumā.
lv	Tas ir ļoti interesants jautājums, paldies lielu.
lv	Esmu pārliecināts, ka kopā atradīsim risinājumu.
lv	Labrīt, kā tev šodien iet
lv	labrīt, kā tev šodien iet
lv	Es gribētu pasūtīt tasi kafijas, lūdzu
lv	es gribētu pasūtīt tasi kafijas, lūdzu
lv	Es gribētu pasūtīt tasi
lv	pasūtīt tasi kafijas, lūdzu
lv	Vilciens uz Rīgu atiet pēc desmit minūtēm
lv	vilciens uz rīgu atiet pēc desmit minūtēm
lv	Vilciens uz Rīgu atiet pēc
lv	Rīgu atiet pēc desmit minūtēm
lv	Vai jūs, lūdzu, varētu man parādīt ceļu uz staciju
lv	vai jūs, lūdzu, varētu man parādīt ceļu uz staciju
lv	Vai jūs, lūdzu, varētu man parādīt
lv	varētu man parādīt ceļu uz staciju
lv	jūs, lūdzu, varētu man parādīt ceļu
lv	Laiks šodien ir diezgan auksts un vējains
lv	laiks šodien ir diezgan auksts un vējains
lv	Laiks šodien ir diezgan auksts
lv	ir diezgan auksts un vējains
lv	Vakar vakarā mēs vakariņojām restorānā
lv	vakar vakarā mēs vakariņojām restorānā
lv	Lūdzu, runājiet mazliet lēnāk, es nesaprotu visu
lv	lūdzu, runājiet mazliet lēnāk, es nesaprotu visu
lv	Lūdzu, runājiet mazliet lēnāk, es
lv	mazliet lēnāk, es nesaprotu visu
lv	Bibliotēka brīvdienās ir atvērta tikai no rīta
lv	bibliotēka brīvdienās ir atvērta tikai no rīta
lv	Bibliotēka brīvdienās ir atvērta tikai
lv	ir atvērta tikai no rīta
lv	Mans brālis šajā pilsētā strādā jau trīs gadus
lv	mans brālis šajā pilsētā strādā jau trīs gadus
lv	Mans brālis šajā pilsētā strādā
mk	Добро утро, како си денес?
mk	Би сакал да нарачам една шолја кафе, ве молам.
mk	Возот за Скопје тргнува за десет минути.
mk	Можете ли да ми го покажете патот до станицата?
mk	Времето денес е прилично ладно и ветровито.
mk	Синоќа вечеравме во еден ресторан.
mk	Ве молам зборувајте малку побавно, не разбирам сè.
mk	Библиотеката е отворена само наутро за викенд.
mk	Мојот брат работи во овој град веќе три години.
mk	Нема ништо подобро од свеж леб за појадок.
mk	Зошто не ми го кажа ова порано?
mk	Децата си играат надвор во градината зад куќата.
mk	Без твојата помош немаше да се справам со ова.
mk	Следната недела заминуваме заедно на одмор.
mk	Тоа е многу интересно прашање, благодарам многу.
mk	Сигурен сум дека заедно ќе најдеме решение.
mk	Благодарам многу, што точно треба да направам сега?
mk	Јас сум сигурен дека ова прашање има добро решение.
mk	Добро утро, како си денес
mk	добро утро, како си денес
mk	Би сакал да нарачам една шолја кафе, ве молам
mk	би сакал да нарачам една шолја кафе, ве молам
mk	Би сакал да нарачам една шолја
mk	нарачам една шолја кафе, ве молам
mk	сакал да нарачам една шолја кафе,
mk	Возот за Скопје тргнува за десет минути
mk	возот за скопје тргнува за десет минути
mk	Возот за Скопје тргнува за
mk	Скопје тргнува за десет минути
mk	Можете ли да ми го покажете патот до станицата
mk	можете ли да ми го покажете патот до станицата
mk	Можете ли да ми го покажете
mk	ми го покажете патот до станицата
mk	ли да ми го покажете патот
mk	Времето денес е прилично ладно и ветровито
mk	времето денес е прилично ладно и ветровито
mk	Времето денес е прилично ладно
mk	е прилично ладно и ветровито
mk	Синоќа вечеравме во еден ресторан
mk	синоќа вечеравме во еден ресторан
mk	Ве молам зборувајте малку побавно, не разбирам сè
mk	ве молам зборувајте малку побавно, не разбирам сè
mk	Ве молам зборувајте малку побавно,
mk	малку побавно, не разбирам сè
mk	Библиотеката е отворена само наутро за викенд
mk	библиотеката е отворена само наутро за викенд
mk	Библиотеката е отворена само наутро
mk	отворена само наутро за викенд
mt	L-għodwa t-tajba, kif inti llum?
mt	Nixtieq nordna tazza kafè, jekk jogħġbok.
mt	Il-ferrovija lejn Valletta titlaq fi għaxar minuti.
mt	Tista' turini t-triq sal-istazzjon, jekk jogħġbok?
mt	It-temp illum huwa pjuttost kiesaħ u bir-riħ.
mt	Ilbieraħ filgħaxija ċelebrajna l-ikel f'ristorant.
mt	Tkellem ftit aktar bil-mod, jekk jogħġbok, ma nifhimx kollox.
mt	Il-librerija tkun miftuħa biss filgħodu fi tmiem il-ġimgħa.
mt	Ħija ilu tliet snin jaħdem f'din il-belt.
mt	M'hemm xejn aħjar mill-ħobż frisk għall-kolazzjon.
mt	Għaliex ma għidtlix dwar dan qabel?
mt	It-tfal qed jilagħbu barra fil-ġnien wara d-dar.
mt	Mingħajr l-għajnuna tiegħek ma kontx nasal nagħmel dan.
mt	Il-ġimgħa d-dieħla se mmorru fuq vaganzi flimkien.
mt	Dik hija mistoqsija interessanti ħafna, grazzi ħafna.
mt	Jien ċert li flimkien insibu soluzzjoni.
mt	L-għodwa t-tajba, kif inti llum
mt	l-għodwa t-tajba, kif inti llum
mt	Nixtieq nordna tazza kafè, jekk jogħġbok
mt	nixtieq nordna tazza kafè, jekk jogħġbok
mt	Nixtieq nordna tazza kafè,
mt	tazza kafè, jekk jogħġbok
mt	Il-ferrovija lejn Valletta titlaq fi għaxar minuti
mt	il-ferrovija lejn valletta titlaq fi għaxar minuti
mt	Il-ferrovija lejn Valletta titlaq fi
mt	Valletta titlaq fi għaxar minuti
mt	Tista' turini t-triq sal-istazzjon, jekk jogħġbok
mt	tista' turini t-triq sal-istazzjon, jekk jogħġbok
mt	Tista' turini t-triq sal-istazzjon,
mt	t-triq sal-istazzjon, jekk jogħġbok
mt	It-temp illum huwa pjuttost kiesaħ u bir-riħ
mt	it-temp illum huwa pjuttost kiesaħ u bir-riħ
mt	It-temp illum huwa pjuttost kiesaħ
mt	huwa pjuttost kiesaħ u bir-riħ
mt	Ilbieraħ filgħaxija ċelebrajna l-ikel f'ristorant
mt	ilbieraħ filgħaxija ċelebrajna l-ikel f'ristorant
mt	Tkellem ftit aktar bil-mod, jekk jogħġbok, ma nifhimx kollox
mt	tkellem ftit aktar bil-mod, jekk jogħġbok, ma nifhimx kollox
mt	Tkellem ftit aktar bil-mod, jekk jogħġbok,
mt	bil-mod, jekk jogħġbok, ma nifhimx kollox
mt	ftit aktar bil-mod, jekk jogħġbok, ma
mt	Il-librerija tkun miftuħa biss filgħodu fi tmiem il-ġimgħa
mt	il-librerija tkun miftuħa biss filgħodu fi tmiem il-ġimgħa
mt	Il-librerija tkun miftuħa biss filgħodu
mt	biss filgħodu fi tmiem il-ġimgħa
mt	Ħija ilu tliet snin jaħdem f'din il-belt
mt	ħija ilu tliet snin jaħdem f'din il-belt
mt	Ħija ilu tliet snin jaħdem
nl	Goedemorgen, hoe gaat het vandaag met je?
nl	Ik wil graag een kop koffie bestellen, alstublieft.
nl	De trein naar Amsterdam vertrekt over tien minuten.
nl	Kunt u mij de weg naar het station wijzen?
nl	Het weer is vandaag nogal koud en winderig.
nl	Gisterenavond hebben we in een restaurant gegeten.
nl	Spreekt u wat langzamer, ik begrijp niet alles.
nl	De bibliotheek is in het weekend alleen s ochtends open.
nl	Mijn broer werkt al drie jaar in deze stad.
nl	Er is niets beter dan vers brood bij het ontbijt.
nl	Waarom heb je het me niet eerder verteld?
nl	De kinderen spelen buiten in de tuin achter het huis.
nl	Zonder jouw hulp had ik dit niet gered.
nl	Volgende week gaan we samen op vakantie.
nl	Dat is een heel interessante vraag, dank je wel.
nl	Ik weet zeker dat we samen een oplossing vinden.
nl	Goedemorgen, hoe gaat het vandaag met je
nl	goedemorgen, hoe gaat het vandaag met je
nl	Goedemorgen, hoe gaat het vandaag
nl	gaat het vandaag met je
nl	Ik wil graag een kop koffie bestellen, alstublieft
nl	ik wil graag een kop koffie bestellen, alstublieft
nl	Ik wil graag een kop
nl	een kop koffie bestellen, alstublieft
nl	De trein naar Amsterdam vertrekt over tien minuten
nl	de trein naar amsterdam vertrekt over tien minuten
nl	De trein naar Amsterdam vertrekt
nl	Amsterdam vertrekt over tien minuten
nl	Kunt u mij de weg naar het station wijzen
nl	kunt u mij de weg naar het station wijzen
nl	Kunt u mij de weg naar
nl	de weg naar het station wijzen
nl	u mij de weg naar het
nl	Het weer is vandaag nogal koud en winderig
nl	het weer is vandaag nogal koud en winderig
nl	Het weer is vandaag nogal
nl	vandaag nogal koud en winderig
nl	Gisterenavond hebben we in een restaurant gegeten
nl	gisterenavond hebben we in een restaurant gegeten
nl	Gisterenavond hebben we in een
nl	we in een restaurant gegeten
nl	Spreekt u wat langzamer, ik begrijp niet alles
nl	spreekt u wat langzamer, ik begrijp niet alles
nl	Spreekt u wat langzamer, ik
nl	langzamer, ik begrijp niet alles
nl	De bibliotheek is in het weekend alleen s ochtends open
nl	de bibliotheek is in het weekend alleen s ochtends open
nl	De bibliotheek is in het weekend alleen
no	God morgen, hvordan har du det i dag?
no	Jeg vil gjerne bestille en kopp kaffe, takk.
no	Toget til Oslo går om ti minutter.
no	Kan du vise meg veien til stasjonen?
no	Været er ganske kaldt og vindfullt i dag.
no	Vi spiste middag på en restaurant i går kveld.
no	Kan du snakke litt saktere, jeg forstår ikke alt.
no	Biblioteket er bare åpent om formiddagen i helgen.
no	Broren min har jobbet i denne byen i tre år.
no	Det er ikke noe bedre enn ferskt brød til frokost.
no	Hvorfor fortalte du meg ikke det tidligere?
no	Barna leker ute i hagen bak huset.
no	Uten hjelpen din hadde jeg ikke klart dette.
no	Neste uke drar vi på ferie sammen.
no	Det er et veldig interessant spørsmål, tusen takk.
no	Jeg er sikker på at vi kommer til å finne en løsning.
no	Jeg liker ikke melk, og hva gjør vi hvis toget ikke kjører?
no	Det er også vanskelig, fordi jeg ikke skjønner alt sammen.
no	God morgen, hvordan har du det i dag
no	god morgen, hvordan har du det i dag
no	God morgen, hvordan har du
no	har du det i dag
no	Jeg vil gjerne bestille en kopp kaffe, takk
no	jeg vil gjerne bestille en kopp kaffe, takk
no	Jeg vil gjerne bestille en
no	bestille en kopp kaffe, takk
no	Toget til Oslo går om ti minutter
no	toget til oslo går om ti minutter
no	Toget til Oslo går om
no	Oslo går om ti minutter
no	Kan du vise meg veien til stasjonen
no	kan du vise meg veien til stasjonen
no	Kan du vise meg veien
no	vise meg veien til stasjonen
no	Været er ganske kaldt og vindfullt i dag
no	været er ganske kaldt og vindfullt i dag
no	Været er ganske kaldt og
no	kaldt og vindfullt i dag
no	Vi spiste middag på en restaurant i går kveld
no	vi spiste middag på en restaurant i går kveld
no	Vi spiste middag på en restaurant
no	på en restaurant i går kveld
no	spiste middag på en restaurant i
no	Kan du snakke litt saktere, jeg forstår ikke alt
no	kan du snakke litt saktere, jeg forstår ikke alt
no	Kan du snakke litt saktere, jeg
no	litt saktere, jeg forstår ikke alt
no	du snakke litt saktere, jeg forstår
pl	Dzień dobry, jak się dzisiaj czujesz?
pl	Chciałbym zamówić filiżankę kawy, proszę.
pl	Pociąg do Warszawy odjeżdża za dziesięć minut.
pl	Czy mógłby pan pokazać mi drogę na dworzec?
pl	Pogoda jest dziś dość zimna i wietrzna.
pl	Wczoraj wieczorem jedliśmy kolację w restauracji.
pl	Proszę mówić trochę wolniej, nie wszystko rozumiem.
pl	Biblioteka w weekend jest otwarta tylko rano.
pl	Mój brat pracuje w tym mieście od trzech lat.
pl	Nie ma nic lepszego niż świeży chleb na śniadanie.
pl	Dlaczego nie powiedziałeś mi o tym wcześniej?
pl	Dzieci bawią się na zewnątrz w ogrodzie za domem.
pl	Bez twojej pomocy nie dałbym sobie z tym rady.
pl	W przyszłym tygodniu jedziemy razem na wakacje.
pl	To bardzo ciekawe pytanie, dziękuję bardzo.
pl	Jestem pewien, że razem znajdziemy rozwiązanie.
pl	Dzień dobry, jak się dzisiaj czujesz
pl	dzień dobry, jak się dzisiaj czujesz
pl	Dzień dobry, jak się
pl	jak się dzisiaj czujesz
pl	Chciałbym zamówić filiżankę kawy, proszę
pl	chciałbym zamówić filiżankę kawy, proszę
pl	Pociąg do Warszawy odjeżdża za dziesięć minut
pl	pociąg do warszawy odjeżdża za dziesięć minut
pl	Pociąg do Warszawy odjeżdża za
pl	Warszawy odjeżdża za dziesięć minut
pl	Czy mógłby pan pokazać mi drogę na dworzec
pl	czy mógłby pan pokazać mi drogę na dworzec
pl	Czy mógłby pan pokazać mi
pl	pokazać mi drogę na dworzec
pl	Pogoda jest dziś dość zimna i wietrzna
pl	pogoda jest dziś dość zimna i wietrzna
pl	Pogoda jest dziś dość zimna
pl	dziś dość zimna i wietrzna
pl	Wczoraj wieczorem jedliśmy kolację w restauracji
pl	wczoraj wieczorem jedliśmy kolację w restauracji
pl	Wczoraj wieczorem jedliśmy kolację
pl	jedliśmy kolację w restauracji
pl	Proszę mówić trochę wolniej, nie wszystko rozumiem
pl	proszę mówić trochę wolniej, nie wszystko rozumiem
pl	Proszę mówić trochę wolniej, nie
pl	trochę wolniej, nie wszystko rozumiem
pl	Biblioteka w weekend jest otwarta tylko rano
pl	biblioteka w weekend jest otwarta tylko rano
pl	Biblioteka w weekend jest otwarta
pl	weekend jest otwarta tylko rano
pl	Mój brat pracuje w tym mieście od trzech lat
pl	mój brat pracuje w tym mieście od trzech lat
pt	Bom dia, como está hoje?
pt	Gostaria de pedir uma chávena de café, por favor.
pt	O comboio para Lisboa parte daqui a dez minutos.
pt	Poderia indicar-me o caminho até à estação?
pt	Hoje está bastante frio e ventoso.
pt	Ontem à noite jantámos num restaurante.
pt	Fale um pouco mais devagar, não compreendo tudo.
pt	A biblioteca só abre de manhã ao fim de semana.
pt	O meu irmão trabalha nesta cidade há três anos.
pt	Não há nada melhor do que pão fresco ao pequeno-almoço.
pt	Porque é que não me disseste isto mais cedo?
pt	As crianças brincam lá fora no jardim atrás da casa.
pt	Sem a tua ajuda eu não teria conseguido fazer isto.
pt	Na próxima semana vamos de férias juntos.
pt	Essa é uma pergunta muito interessante, muito obrigado.
pt	Tenho a certeza de que vamos encontrar uma solução juntos.
pt	Não compreendo esta acção, mas obrigado na mesma pelo comboio.
pt	Bom dia, como está hoje
pt	bom dia, como está hoje
pt	Gostaria de pedir uma chávena de café, por favor
pt	gostaria de pedir uma chávena de café, por favor
pt	Gostaria de pedir uma chávena de
pt	uma chávena de café, por favor
pt	de pedir uma chávena de café,
pt	O comboio para Lisboa parte daqui a dez minutos
pt	o comboio para lisboa parte daqui a dez minutos
pt	O comboio para Lisboa parte daqui
pt	Lisboa parte daqui a dez minutos
pt	comboio para Lisboa parte daqui a
pt	Poderia indicar-me o caminho até à estação
pt	poderia indicar-me o caminho até à estação
pt	Poderia indicar-me o caminho até
pt	o caminho até à estação
pt	Hoje está bastante frio e ventoso
pt	hoje está bastante frio e ventoso
pt	Hoje está bastante frio
pt	bastante frio e ventoso
pt	Ontem à noite jantámos num restaurante
pt	ontem à noite jantámos num restaurante
pt	Ontem à noite jantámos
pt	noite jantámos num restaurante
pt	Fale um pouco mais devagar, não compreendo tudo
pt	fale um pouco mais devagar, não compreendo tudo
pt	Fale um pouco mais devagar,
pt	mais devagar, não compreendo tudo
pt	A biblioteca só abre de manhã ao fim de semana
pt	a biblioteca só abre de manhã ao fim de semana
pt	A biblioteca só abre de manhã ao
rm	Bien di, co vai ansaina oz?
rm	Jau vuless commandar ina cuppa da café, per plaschair.
rm	Il tren vers Cuira parta en diesch minutas.
rm	Pudessas vus mussar a mai la via tar la staziun?
rm	Il temp è oz bunamain fraid e ventus.
rm	Ier saira avain nus tschentà en in restaurant.
rm	Discurri per plaschair in pau pli plaun, jau chapesch betg tut.
rm	La biblioteca è avierta mo la damaun durante la fin d'emna.
rm	Mes frar lavura dapi trais onns en questa citad.
rm	I na dat nagut meglier che paun fresc per enzerclar.
rm	Pertge n'has ti betg dit quai pli baud a mai?
rm	Ils uffants giogan ora en il gort davos la chasa.
rm	Senza tia agid n'avess jau betg fatg quai.
rm	La proxima emna viagin nus ensemen en vacanzas.
rm	Quai è ina dumonda fitg interessanta, grazia fitg.
rm	Jau sun segir che nus chattain ensemen ina soluziun.
rm	Bien di, co vai ansaina oz
rm	bien di, co vai ansaina oz
rm	Bien di, co vai
rm	co vai ansaina oz
rm	Jau vuless commandar ina cuppa da café, per plaschair
rm	jau vuless commandar ina cuppa da café, per plaschair
rm	Jau vuless commandar ina cuppa da
rm	ina cuppa da café, per plaschair
rm	vuless commandar ina cuppa da café,
rm	Il tren vers Cuira parta en diesch minutas
rm	il tren vers cuira parta en diesch minutas
rm	Il tren vers Cuira parta
rm	Cuira parta en diesch minutas
rm	Pudessas vus mussar a mai la via tar la staziun
rm	pudessas vus mussar a mai la via tar la staziun
rm	Pudessas vus mussar a mai la via
rm	a mai la via tar la staziun
rm	vus mussar a mai la via tar
rm	Il temp è oz bunamain fraid e ventus
rm	il temp è oz bunamain fraid e ventus
rm	Il temp è oz bunamain
rm	oz bunamain fraid e ventus
rm	Ier saira avain nus tschentà en in restaurant
rm	ier saira avain nus tschentà en in restaurant
rm	Ier saira avain nus tschentà
rm	nus tschentà en in restaurant
rm	Discurri per plaschair in pau pli plaun, jau chapesch betg tut
rm	discurri per plaschair in pau pli plaun, jau chapesch betg tut
rm	Discurri per plaschair in pau pli plaun,
rm	pau pli plaun, jau chapesch betg tut
rm	per plaschair in pau pli plaun, jau
rm	La biblioteca è avierta mo la damaun durante la fin d'emna
ro	Bună dimineața, ce mai faci astăzi?
ro	Aș dori să comand o ceașcă de cafea, vă rog.
ro	Trenul spre București pleacă în zece minute.
ro	Ați putea să-mi arătați drumul spre gară?
ro	Vremea este destul de rece și vântul bate tare astăzi.
ro	Ieri seara am luat cina la un restaurant.
ro	Vă rog să vorbiți mai încet, nu înțeleg totul.
ro	Biblioteca este deschisă doar dimineața în weekend.
ro	Fratele meu lucrează în acest oraș de trei ani.
ro	Nu există nimic mai bun decât pâinea proaspătă la micul dejun.
ro	De ce nu mi-ai spus acest lucru mai devreme?
ro	Copiii se joacă afară în grădina din spatele casei.
ro	Fără ajutorul tău nu aș fi reușit să fac asta.
ro	Săptămâna viitoare plecăm împreună în vacanță.
ro	Aceasta este o întrebare foarte interesantă, mulțumesc frumos.
ro	Sunt sigur că vom găsi împreună o soluție.
ro	Bună dimineața, ce mai faci astăzi
ro	bună dimineața, ce mai faci astăzi
ro	Bună dimineața, ce mai
ro	ce mai faci astăzi
ro	Aș dori să comand o ceașcă de cafea, vă rog
ro	aș dori să comand o ceașcă de cafea, vă rog
ro	Aș dori să comand o ceașcă de
ro	comand o ceașcă de cafea, vă rog
ro	dori să comand o ceașcă de cafea,
ro	Trenul spre București pleacă în zece minute
ro	trenul spre bucurești pleacă în zece minute
ro	Trenul spre București pleacă în
ro	București pleacă în zece minute
ro	Ați putea să-mi arătați drumul spre gară
ro	ați putea să-mi arătați drumul spre gară
ro	Ați putea să-mi arătați drumul
ro	să-mi arătați drumul spre gară
ro	Vremea este destul de rece și vântul bate tare astăzi
ro	vremea este destul de rece și vântul bate tare astăzi
ro	Vremea este destul de rece și vântul
ro	de rece și vântul bate tare astăzi
ro	este destul de rece și vântul bate
ro	Ieri seara am luat cina la un restaurant
ro	ieri seara am luat cina la un restaurant
ro	Ieri seara am luat cina
ro	luat cina la un restaurant
ro	Vă rog să vorbiți mai încet, nu înțeleg totul
ro	vă rog să vorbiți mai încet, nu înțeleg totul
ro	Vă rog să vorbiți mai încet,
ro	vorbiți mai încet, nu înțeleg totul
ro	rog să vorbiți mai încet, nu
ro	Biblioteca este deschisă doar dimineața în weekend
se	Buorre iđit, mo dat manná odne?
se	Mun háliidan davvet spáhppa gáfe, leage buorre.
se	Juna Osloi vuolgá logi minuhta geahčen.
se	Sáhtátgo čájehit munnje geainnu stašuvdnii?
se	Dálki lea odne oalle galbma ja biegga lea garrus.
se	Doppe boraimet eahketborramuša restoráŋŋas kelddu eahkeda.
se	Hálat veahá njoammáseappot, mus ii oaččo buot áddet.
se	Girjerádju lea vahkuloahpa dušše iđit rabas.
se	Mu viellja lea bargan dán gávpogis golmma jagi.
se	Ii leat mihkkege buoret go ođđa láibi iđitborramuššii.
se	Manin it muitalan munnje dán ovdal?
se	Mánát leikit olggobealde šattogárddis viesu duohken.
se	Du veahki haga in livčče náge dan dáhkan.
se	Boahtte vahku vulget mii ovttas luopmánii.
se	Dat lea hui miellagiddevaš gažaldat, giitu ollu.
se	Mun lean sihkkar ahte mii gávdnat čovdosa ovttas.
se	Buorre iđit, mo dat manná odne
se	buorre iđit, mo dat manná odne
se	Buorre iđit, mo dat
se	mo dat manná odne
se	Mun háliidan davvet spáhppa gáfe, leage buorre
se	mun háliidan davvet spáhppa gáfe, leage buorre
se	Mun háliidan davvet spáhppa gáfe,
se	davvet spáhppa gáfe, leage buorre
se	Juna Osloi vuolgá logi minuhta geahčen
se	juna osloi vuolgá logi minuhta geahčen
se	Juna Osloi vuolgá logi
se	vuolgá logi minuhta geahčen
se	Sáhtátgo čájehit munnje geainnu stašuvdnii
se	sáhtátgo čájehit munnje geainnu stašuvdnii
se	Dálki lea odne oalle galbma ja biegga lea garrus
se	dálki lea odne oalle galbma ja biegga lea garrus
se	Dálki lea odne oalle galbma ja
se	oalle galbma ja biegga lea garrus
se	lea odne oalle galbma ja biegga
se	Doppe boraimet eahketborramuša restoráŋŋas kelddu eahkeda
se	doppe boraimet eahketborramuša restoráŋŋas kelddu eahkeda
se	Doppe boraimet eahketborramuša restoráŋŋas
se	eahketborramuša restoráŋŋas kelddu eahkeda
se	Hálat veahá njoammáseappot, mus ii oaččo buot áddet
se	hálat veahá njoammáseappot, mus ii oaččo buot áddet
se	Hálat veahá njoammáseappot, mus ii
se	mus ii oaččo buot áddet
se	Girjerádju lea vahkuloahpa dušše iđit rabas
se	girjerádju lea vahkuloahpa dušše iđit rabas
se	Girjerádju lea vahkuloahpa dušše
se	vahkuloahpa dušše iđit rabas
se	Mu viellja lea bargan dán gávpogis golmma jagi
sk	Dobré ráno, ako sa máš dnes?
sk	Chcel by som si objednať šálku kávy, prosím.
sk	Vlak do Bratislavy odchádza o desať minút.
sk	Mohli by ste mi ukázať cestu na stanicu?
sk	Počasie je dnes dosť chladné a veterné.
sk	Včera večer sme večerali v reštaurácii.
sk	Hovorte prosím trochu pomalšie, nerozumiem všetkému.
sk	Knižnica je cez víkend otvorená len dopoludnia.
sk	Môj brat pracuje v tomto meste už tri roky.
sk	Nie je nič lepšie ako čerstvý chlieb na raňajky.
sk	Prečo si mi to nepovedal skôr?
sk	Deti sa hrajú vonku v záhrade za domom.
sk	Bez tvojej pomoci by som to nezvládol.
sk	Budúci týždeň ideme spoločne na dovolenku.
sk	To je veľmi zaujímavá otázka, ďakujem pekne.
sk	Som si istý, že spolu nájdeme riešenie.
sk	Ďakujem pekne, ešte si dám čerstvý chlieb a poviem si o kávu.
sk	Môžem prísť nabudúce, pretože rieka je teraz príliš studená.
sk	Dobré ráno, ako sa máš dnes
sk	dobré ráno, ako sa máš dnes
sk	Dobré ráno, ako sa
sk	ako sa máš dnes
sk	Chcel by som si objednať šálku kávy, prosím
sk	chcel by som si objednať šálku kávy, prosím
sk	Chcel by som si objednať
sk	si objednať šálku kávy, prosím
sk	Vlak do Bratislavy odchádza o desať minút
sk	vlak do bratislavy odchádza o desať minút
sk	Vlak do Bratislavy odchádza o
sk	Bratislavy odchádza o desať minút
sk	Mohli by ste mi ukázať cestu na stanicu
sk	mohli by ste mi ukázať cestu na stanicu
sk	Mohli by ste mi ukázať
sk	mi ukázať cestu na stanicu
sk	Počasie je dnes dosť chladné a veterné
sk	počasie je dnes dosť chladné a veterné
sk	Počasie je dnes dosť chladné
sk	dnes dosť chladné a veterné
sk	Včera večer sme večerali v reštaurácii
sk	včera večer sme večerali v reštaurácii
sk	Včera večer sme večerali
sk	sme večerali v reštaurácii
sk	Hovorte prosím trochu pomalšie, nerozumiem všetkému
sk	hovorte prosím trochu pomalšie, nerozumiem všetkému
sk	Hovorte prosím trochu pomalšie,
sk	trochu pomalšie, nerozumiem všetkému
sk	Knižnica je cez víkend otvorená len dopoludnia
sk	knižnica je cez víkend otvorená len dopoludnia
sl	Dobro jutro, kako si danes?
sl	Rad bi naročil skodelico kave, prosim.
sl	Vlak za Ljubljano odpelje čez deset minut.
sl	Mi lahko pokažete pot do železniške postaje?
sl	Vreme je danes precej hladno in vetrovno.
sl	Včeraj zvečer smo večerjali v restavraciji.
sl	Govorite prosim malo počasneje, vsega ne razumem.
sl	Knjižnica je ob vikendih odprta samo dopoldne.
sl	Moj brat dela v tem mestu že tri leta.
sl	Ni nič boljšega kot svež kruh za zajtrk.
sl	Zakaj mi tega nisi povedal prej?
sl	Otroci se igrajo zunaj na vrtu za hišo.
sl	Brez tvoje pomoči tega ne bi zmogel.
sl	Naslednji teden gremo skupaj na počitnice.
sl	To je zelo zanimivo vprašanje, najlepša hvala.
sl	Prepričan sem, da bomo skupaj našli rešitev.
sl	Dobro jutro, kako si danes
sl	dobro jutro, kako si danes
sl	Rad bi naročil skodelico kave, prosim
sl	rad bi naročil skodelico kave, prosim
sl	Rad bi naročil skodelico
sl	naročil skodelico kave, prosim
sl	Vlak za Ljubljano odpelje čez deset minut
sl	vlak za ljubljano odpelje čez deset minut
sl	Vlak za Ljubljano odpelje čez
sl	Ljubljano odpelje čez deset minut
sl	Mi lahko pokažete pot do železniške postaje
sl	mi lahko pokažete pot do železniške postaje
sl	Mi lahko pokažete pot do
sl	pokažete pot do železniške postaje
sl	Vreme je danes precej hladno in vetrovno
sl	vreme je danes precej hladno in vetrovno
sl	Vreme je danes precej hladno
sl	danes precej hladno in vetrovno
sl	Včeraj zvečer smo večerjali v restavraciji
sl	včeraj zvečer smo večerjali v restavraciji
sl	Včeraj zvečer smo večerjali
sl	smo večerjali v restavraciji
sl	Govorite prosim malo počasneje, vsega ne razumem
sl	govorite prosim malo počasneje, vsega ne razumem
sl	Govorite prosim malo počasneje, vsega
sl	malo počasneje, vsega ne razumem
sl	Knjižnica je ob vikendih odprta samo dopoldne
sl	knjižnica je ob vikendih odprta samo dopoldne
sl	Knjižnica je ob vikendih odprta
sl	ob vikendih odprta samo dopoldne
sl	Moj brat dela v tem mestu že tri leta
sl	moj brat dela v tem mestu že tri leta
sq	Mirëmëngjes, si je sot?
sq	Do të doja të porositesha një filxhan kafe, ju lutem.
sq	Treni për në Tiranë niset pas dhjetë minutash.
sq	A mund të më tregoni rrugën për në stacion?
sq	Moti sot është mjaft i ftohtë dhe me erë.
sq	Mbrëmë darkuam në një restorant.
sq	Ju lutem flisni pak më ngadalë, nuk kuptoj gjithçka.
sq	Biblioteka është e hapur vetëm në mëngjes gjatë fundjavës.
sq	Vëllai im punon në këtë qytet prej tre vjetësh.
sq	Nuk ka asgjë më të mirë se buka e freskët për mëngjes.
sq	Pse nuk ma the këtë më herët?
sq	Fëmijët po luajnë jashtë në kopsht pas shtëpisë.
sq	Pa ndihmën tënde nuk do ta kisha arritur këtë.
sq	Javën tjetër ikim bashkë me pushime.
sq	Kjo është një pyetje shumë interesante, faleminderit shumë.
sq	Jam i sigurt se së bashku do të gjejmë një zgjidhje.
sq	Mirëmëngjes, si je sot
sq	mirëmëngjes, si je sot
sq	Do të doja të porositesha një filxhan kafe, ju lutem
sq	do të doja të porositesha një filxhan kafe, ju lutem
sq	Do të doja të porositesha një filxhan
sq	të porositesha një filxhan kafe, ju lutem
sq	të doja të porositesha një filxhan kafe,
sq	Treni për në Tiranë niset pas dhjetë minutash
sq	treni për në tiranë niset pas dhjetë minutash
sq	Treni për në Tiranë niset
sq	Tiranë niset pas dhjetë minutash
sq	A mund të më tregoni rrugën për në stacion
sq	a mund të më tregoni rrugën për në stacion
sq	A mund të më tregoni rrugën
sq	më tregoni rrugën për në stacion
sq	mund të më tregoni rrugën për
sq	Moti sot është mjaft i ftohtë dhe me erë
sq	moti sot është mjaft i ftohtë dhe me erë
sq	Moti sot është mjaft i ftohtë
sq	mjaft i ftohtë dhe me erë
sq	sot është mjaft i ftohtë dhe
sq	Mbrëmë darkuam në një restorant
sq	mbrëmë darkuam në një restorant
sq	Ju lutem flisni pak më ngadalë, nuk kuptoj gjithçka
sq	ju lutem flisni pak më ngadalë, nuk kuptoj gjithçka
sq	Ju lutem flisni pak më ngadalë,
sq	pak më ngadalë, nuk kuptoj gjithçka
sq	lutem flisni pak më ngadalë, nuk
sq	Biblioteka është e hapur vetëm në mëngjes gjatë fundjavës
sq	biblioteka është e hapur vetëm në mëngjes gjatë fundjavës
sq	Biblioteka është e hapur vetëm në
sq	hapur vetëm në mëngjes gjatë fundjavës
sr	Dobro jutro, kako si danas?
sr	Želeo bih da naručim šolju kafe, molim te.
sr	Voz za Beograd polazi za deset minuta.
sr	Možete li da mi pokažete put do stanice?
sr	Vreme je danas prilično hladno i vetrovito.
sr	Sinoć smo večerali u restoranu.
sr	Govorite molim malo sporije, ne razumem sve.
sr	Biblioteka je vikendom otvorena samo ujutru.
sr	Moj brat radi u ovom gradu već tri godine.
sr	Nema ništa bolje od svežeg hleba za doručak.
sr	Zašto mi to nisi rekao ranije?
sr	Deca se igraju napolju u bašti iza kuće.
sr	Bez tvoje pomoći to ne bih uspeo.
sr	Sledeće nedelje idemo zajedno na godišnji odmor.
sr	То је веома занимљиво питање, хвала лепо.
sr	Сигуран сам да ћемо заједно пронаћи решење.
sr	Kupio sam svež hleb i kafu pre vožnje vozom kroz opštinu.
sr	Ove nedelje idemo do reke, a u januaru ostajemo kod kuće.
sr	Ко је то рекао и шта то тачно значи за наше решење?
sr	Dobro jutro, kako si danas
sr	dobro jutro, kako si danas
sr	Želeo bih da naručim šolju kafe, molim te
sr	želeo bih da naručim šolju kafe, molim te
sr	Želeo bih da naručim šolju
sr	naručim šolju kafe, molim te
sr	Voz za Beograd polazi za deset minuta
sr	voz za beograd polazi za deset minuta
sr	Voz za Beograd polazi za
sr	Beograd polazi za deset minuta
sr	Možete li da mi pokažete put do stanice
sr	možete li da mi pokažete put do stanice
sr	Možete li da mi pokažete
sr	mi pokažete put do stanice
sr	Vreme je danas prilično hladno i vetrovito
sr	vreme je danas prilično hladno i vetrovito
sr	Vreme je danas prilično hladno
sr	danas prilično hladno i vetrovito
sr	Sinoć smo večerali u restoranu
sr	sinoć smo večerali u restoranu
sr	Govorite molim malo sporije, ne razumem sve
sr	govorite molim malo sporije, ne razumem sve
sr	Govorite molim malo sporije, ne
sr	malo sporije, ne razumem sve
sr	Biblioteka je vikendom otvorena samo ujutru
sr	biblioteka je vikendom otvorena samo ujutru
sr	Biblioteka je vikendom otvorena
sr	vikendom otvorena samo ujutru
sr	Moj brat radi u ovom gradu već tri godine
sv	God morgon, hur mår du idag?
sv	Jag skulle vilja beställa en kopp kaffe, tack.
sv	Tåget till Stockholm går om tio minuter.
sv	Kan du visa mig vägen till stationen?
sv	Vädret är ganska kallt och blåsigt idag.
sv	Vi åt middag på en restaurang igår kväll.
sv	Kan du tala lite långsammare, jag förstår inte allt.
sv	Biblioteket är öppet endast på förmiddagen på helgerna.
sv	Min bror har arbetat i den här staden i tre år.
sv	Det finns inget bättre än färskt bröd till frukost.
sv	Varför berättade du inte det för mig tidigare?
sv	Barnen leker ute i trädgården bakom huset.
sv	Utan din hjälp hade jag inte klarat det här.
sv	Nästa vecka åker vi på semester tillsammans.
sv	Det är en mycket intressant fråga, tack så mycket.
sv	Jag är säker på att vi kommer att hitta en lösning.
sv	Jag tycker inte om mjölk, och vad gör vi om tåget inte går?
sv	Det är också svårt, eftersom jag inte förstår alltihop.
sv	God morgon, hur mår du idag
sv	god morgon, hur mår du idag
sv	God morgon, hur mår
sv	hur mår du idag
sv	Jag skulle vilja beställa en kopp kaffe, tack
sv	jag skulle vilja beställa en kopp kaffe, tack
sv	Jag skulle vilja beställa en
sv	beställa en kopp kaffe, tack
sv	Tåget till Stockholm går om tio minuter
sv	tåget till stockholm går om tio minuter
sv	Tåget till Stockholm går om
sv	Stockholm går om tio minuter
sv	Kan du visa mig vägen till stationen
sv	kan du visa mig vägen till stationen
sv	Kan du visa mig vägen
sv	visa mig vägen till stationen
sv	Vädret är ganska kallt och blåsigt idag
sv	vädret är ganska kallt och blåsigt idag
sv	Vädret är ganska kallt och
sv	ganska kallt och blåsigt idag
sv	Vi åt middag på en restaurang igår kväll
sv	vi åt middag på en restaurang igår kväll
sv	Vi åt middag på en
sv	på en restaurang igår kväll
sv	Kan du tala lite långsammare, jag förstår inte allt
sv	kan du tala lite långsammare, jag förstår inte allt
sv	Kan du tala lite långsammare, jag
sv	lite långsammare, jag förstår inte allt
sv	du tala lite långsammare, jag förstår
sv	Biblioteket är öppet endast på förmiddagen på helgerna
tr	Günaydın, bugün nasılsın?
tr	Bir fincan kahve ısmarlamak istiyorum, lütfen.
tr	İstanbul'a giden tren on dakika içinde kalkıyor.
tr	İstasyona giden yolu gösterebilir misiniz?
tr	Hava bugün oldukça soğuk ve rüzgarlı.
tr	Dün akşam bir restoranda akşam yemeği yedik.
tr	Lütfen biraz daha yavaş konuşun, her şeyi anlamıyorum.
tr	Kütüphane hafta sonları yalnızca sabahları açık.
tr	Kardeşim üç yıldır bu şehirde çalışıyor.
tr	Kahvaltıda taze ekmekten daha iyisi yoktur.
tr	Bunu bana neden daha önce söylemedin?
tr	Çocuklar evin arkasındaki bahçede dışarıda oynuyor.
tr	Senin yardımın olmadan bunu başaramazdım.
tr	Gelecek hafta birlikte tatile çıkıyoruz.
tr	Bu çok ilginç bir soru, çok teşekkür ederim.
tr	Birlikte bir çözüm bulacağımızdan eminim.
tr	Günaydın, bugün nasılsın
tr	günaydın, bugün nasılsın
tr	Bir fincan kahve ısmarlamak istiyorum, lütfen
tr	bir fincan kahve ısmarlamak istiyorum, lütfen
tr	Bir fincan kahve ısmarlamak
tr	kahve ısmarlamak istiyorum, lütfen
tr	İstanbul'a giden tren on dakika içinde kalkıyor
tr	i̇stanbul'a giden tren on dakika içinde kalkıyor
tr	İstanbul'a giden tren on dakika
tr	tren on dakika içinde kalkıyor
tr	İstasyona giden yolu gösterebilir misiniz
tr	i̇stasyona giden yolu gösterebilir misiniz
tr	Hava bugün oldukça soğuk ve rüzgarlı
tr	hava bugün oldukça soğuk ve rüzgarlı
tr	Hava bugün oldukça soğuk
tr	oldukça soğuk ve rüzgarlı
tr	Dün akşam bir restoranda akşam yemeği yedik
tr	dün akşam bir restoranda akşam yemeği yedik
tr	Dün akşam bir restoranda akşam
tr	bir restoranda akşam yemeği yedik
tr	Lütfen biraz daha yavaş konuşun, her şeyi anlamıyorum
tr	lütfen biraz daha yavaş konuşun, her şeyi anlamıyorum
tr	Lütfen biraz daha yavaş konuşun,
tr	yavaş konuşun, her şeyi anlamıyorum
tr	Kütüphane hafta sonları yalnızca sabahları açık
tr	kütüphane hafta sonları yalnızca sabahları açık
tr	Kütüphane hafta sonları yalnızca
tr	sonları yalnızca sabahları açık
tr	Kardeşim üç yıldır bu şehirde çalışıyor
tr	kardeşim üç yıldır bu şehirde çalışıyor
tr	Kardeşim üç yıldır bu
tr	yıldır bu şehirde çalışıyor
uk	Доброго ранку, як ти себе почуваєш сьогодні?
uk	Я хотів би замовити чашку кави, будь ласка.
uk	Поїзд до Києва відправляється за десять хвилин.
uk	Чи не могли б ви показати мені дорогу до вокзалу?
uk	Погода сьогодні досить холодна і вітряна.
uk	Учора ввечері ми вечеряли в ресторані.
uk	Говоріть, будь ласка, трохи повільніше, я розумію не все.
uk	Бібліотека на вихідних відкрита лише вранці.
uk	Мій брат працює в цьому місті вже три роки.
uk	Немає нічого кращого за свіжий хліб на сніданок.
uk	Чому ти не сказав мені про це раніше?
uk	Діти граються надворі в саду за будинком.
uk	Без твоєї допомоги я б із цим не впорався.
uk	Наступного тижня ми разом їдемо у відпустку.
uk	Це дуже цікаве питання, щиро дякую.
uk	Я впевнений, що ми разом знайдемо рішення.
uk	Що це таке і чому дякую звучить тут так гарно?
uk	Доброго ранку, як ти себе почуваєш сьогодні
uk	доброго ранку, як ти себе почуваєш сьогодні
uk	Доброго ранку, як ти себе
uk	як ти себе почуваєш сьогодні
uk	Я хотів би замовити чашку кави, будь ласка
uk	я хотів би замовити чашку кави, будь ласка
uk	Я хотів би замовити чашку
uk	замовити чашку кави, будь ласка
uk	Поїзд до Києва відправляється за десять хвилин
uk	поїзд до києва відправляється за десять хвилин
uk	Поїзд до Києва відправляється за
uk	Києва відправляється за десять хвилин
uk	Чи не могли б ви показати мені дорогу до вокзалу
uk	чи не могли б ви показати мені дорогу до вокзалу
uk	Чи не могли б ви показати мені
uk	б ви показати мені дорогу до вокзалу
uk	не могли б ви показати мені дорогу
uk	Погода сьогодні досить холодна і вітряна
uk	погода сьогодні досить холодна і вітряна
uk	Погода сьогодні досить холодна
uk	досить холодна і вітряна
uk	Учора ввечері ми вечеряли в ресторані
uk	учора ввечері ми вечеряли в ресторані
uk	Учора ввечері ми вечеряли
uk	ми вечеряли в ресторані
uk	Говоріть, будь ласка, трохи повільніше, я розумію не все
uk	говоріть, будь ласка, трохи повільніше, я розумію не все
uk	Говоріть, будь ласка, трохи повільніше, я
uk	трохи повільніше, я розумію не все
uk	будь ласка, трохи повільніше, я розумію
uk	Бібліотека на вихідних відкрита лише вранці
sr	Treba da kupim svež hleb i mleko pre nego što krene voz.
sr	Ovde je lepo, ali sledeće nedelje idem do reke.
sr	Hvala lepo, to rešenje mi odgovara za januar.
sr	Deca jedu hleb dok čekamo voz na stanici.
sr	Молим те, треба да купим свеж хлеб пре воза.
sr	Овде је лепо, али следеће недеље идем до реке.
sr	Хвала лепо, то решење ми одговара за јануар.
sr	Деца једу хлеб док чекамо воз на станици.
sr	Хоћу да купим хлеб, млеко и џем пре него што крене воз.
sr	Деца ће се играти напољу док ђак ради домаћи.
sr	Овде треба да сачекамо воз, јер је киша још јака.
de	Hallo
de	Hallo!
de	Guten Morgen
de	Guten Tag
de	Servus
en	Hi
en	Hello
en	Hey
en	Good morning
nl	Hallo
nl	Hoi
nl	Goedemorgen
fy	Hoi
fy	Goeie
lb	Moien
lb	Gudde Moien
sv	Hej
sv	Hallå
sv	God morgon
da	Hej
da	Godmorgen
no	Hei
no	Hallo
is	Halló
is	Hæ
fo	Góðan morgun
fr	Bonjour
fr	Salut
fr	Bonsoir
es	Hola
es	Buenos días
it	Ciao
it	Buongiorno
it	Salve
pt	Olá
pt	Oi
pt	Bom dia
ca	Hola
ca	Bon dia
gl	Ola
gl	Bos días
ro	Bună
ro	Salut
rm	Allegra
rm	Bun di
pl	Cześć
pl	Dzień dobry
cs	Ahoj
cs	Dobrý den
sk	Ahoj
sk	Dobrý deň
sl	Živjo
sl	Dober dan
hr	Bok
hr	Dobar dan
bs	Zdravo
bs	Dobar dan
sr	Zdravo
sr	Ćao
sr	Здраво
bg	Здравей
bg	Здрасти
mk	Здраво
uk	Привіт
uk	Доброго дня
be	Прывітанне
lt	Labas
lv	Sveiki
lv	Labdien
et	Tere
fi	Hei
fi	Moi
hu	Szia
hu	Jó napot
el	Γεια σου
el	Καλημέρα
sq	Tungjatjeta
sq	Mirëdita
ga	Dia dhuit
cy	Helo
cy	Shwmae
gd	Halò
br	Demat
eu	Kaixo
mt	Bonġu
se	Bures
tr	Merhaba
tr	Selam
ka	გამარჯობა
hy	Բարև
hy	Բարև ձեզ
